park,word,pos,tfidf
Acadia National Park,cadillac,NOUN,0.399757722592
Acadia National Park,maine,NOUN,0.218049666869
Acadia National Park,jordan,NOUN,0.127195639007
Acadia National Park,carriage,NOUN,0.127195639007
Acadia National Park,beautiful,ADJ,0.112471020698
Acadia National Park,harbor,VERB,0.0969109630527
Acadia National Park,pond,NOUN,0.0635978195033
Acadia National Park,england,NOUN,0.045427013931
Acadia National Park,views,NOUN,0.0390335823407
Acadia National Park,great,ADJ,0.0390335823407
Acadia National Park,bar,NOUN,0.0386129618413
Acadia National Park,parl,NOUN,0.0363416111448
Acadia National Park,otter,NOUN,0.0363416111448
Acadia National Park,harbour,NOUN,0.0363416111448
Acadia National Park,foliage,NOUN,0.0363416111448
Acadia National Park,arcadia,INTJ,0.0363416111448
Acadia National Park,amazing,ADJ,0.0288786017132
Acadia National Park,beehive,VERB,0.0272562083586
Acadia National Park,coastline,NOUN,0.0242277407632
Acadia National Park,coast,NOUN,0.0233624643073
Acadia National Park,visit,VERB,0.0231264798194
Acadia National Park,thunder,NOUN,0.0227135069655
Acadia National Park,place,NOUN,0.0188315621386
Acadia National Park,sand,NOUN,0.0181708055724
Acadia National Park,york,NOUN,0.0181708055724
American Samoa National Park,pago,ADJ,1.22448979592
American Samoa National Park,villages,NOUN,0.30612244898
American Samoa National Park,unforgettablerm,X,0.30612244898
American Samoa National Park,scenic-,NOUN,0.30612244898
American Samoa National Park,mail,NOUN,0.30612244898
American Samoa National Park,boundaries,NOUN,0.30612244898
American Samoa National Park,blurred,VERB,0.30612244898
American Samoa National Park,office,NOUN,0.204081632653
American Samoa National Park,zero,NUM,0.15306122449
American Samoa National Park,units,NOUN,0.102040816327
American Samoa National Park,tropical,ADJ,0.102040816327
American Samoa National Park,setup,NOUN,0.102040816327
American Samoa National Park,rainforest,NOUN,0.102040816327
American Samoa National Park,fave,ADJ,0.102040816327
American Samoa National Park,island,NOUN,0.0874635568513
American Samoa National Park,beautiful,ADJ,0.079169598874
American Samoa National Park,quest,INTJ,0.0612244897959
American Samoa National Park,tourism,NOUN,0.0510204081633
American Samoa National Park,choices,NOUN,0.0510204081633
American Samoa National Park,maintained,VERB,0.0459183673469
American Samoa National Park,great,ADJ,0.0453514739229
American Samoa National Park,volcanic,ADJ,0.0437317784257
American Samoa National Park,sections,NOUN,0.0437317784257
American Samoa National Park,requires,VERB,0.0437317784257
American Samoa National Park,pacific,ADJ,0.0437317784257
Arches National Park,delicate,ADJ,0.330810037551
Arches National Park,moab,X,0.12517136556
Arches National Park,furnace,VERB,0.0643738451451
Arches National Park,utah,ADJ,0.0623302310135
Arches National Park,beautiful,ADJ,0.0599342696179
Arches National Park,amazing,ADJ,0.0570296068597
Arches National Park,fiery,ADV,0.0429158967634
Arches National Park,great,ADJ,0.0366904426033
Arches National Park,formations,NOUN,0.0294520860141
Arches National Park,devils,NOUN,0.0286105978423
Arches National Park,views,NOUN,0.0222526872107
Arches National Park,windows,NOUN,0.0214579483817
Arches National Park,place,NOUN,0.0214579483817
Arches National Park,visit,VERB,0.0210678038657
Arches National Park,rock,NOUN,0.0197975118998
Arches National Park,awesome,ADJ,0.0187118418924
Arches National Park,canyonlands,NOUN,0.0178816236514
Arches National Park,stunning,ADJ,0.0164373386642
Arches National Park,hike,INTJ,0.0164044460454
Arches National Park,scenery,NOUN,0.0158572888984
Arches National Park,spectacular,ADJ,0.0145702118641
Arches National Park,navtec,ADJ,0.0143052989211
Arches National Park,red,ADJ,0.0140498471547
Arches National Park,wow,INTJ,0.0140248028639
Arches National Park,breathtaking,NOUN,0.0138329541454
Badlands National Park,dakota,VERB,0.200626959248
Badlands National Park,sturgis,NOUN,0.0752351097179
Badlands National Park,eroded,VERB,0.0752351097179
Badlands National Park,amazing,ADJ,0.06381549485
Badlands National Park,beautiful,ADJ,0.0609663820128
Badlands National Park,bighorn,VERB,0.0564263322884
Badlands National Park,upside,ADV,0.0376175548589
Badlands National Park,unforgiving,VERB,0.0376175548589
Badlands National Park,unexpectadly,ADV,0.0376175548589
Badlands National Park,undecided,ADJ,0.0376175548589
Badlands National Park,twighlight,NOUN,0.0376175548589
Badlands National Park,tormented,VERB,0.0376175548589
Badlands National Park,starkly,ADV,0.0376175548589
Badlands National Park,sightseers,NOUN,0.0376175548589
Badlands National Park,sheep,NOUN,0.0376175548589
Badlands National Park,sci,NOUN,0.0376175548589
Badlands National Park,salvador,NOUN,0.0376175548589
Badlands National Park,paleontology,NOUN,0.0376175548589
Badlands National Park,nimble,ADJ,0.0376175548589
Badlands National Park,i-90,PROPN,0.0376175548589
Badlands National Park,griswald,NOUN,0.0376175548589
Badlands National Park,grasses,NOUN,0.0376175548589
Badlands National Park,founders,NOUN,0.0376175548589
Badlands National Park,footwear,NOUN,0.0376175548589
Badlands National Park,eassential,NOUN,0.0376175548589
Big Bend National Park,chisos,NOUN,1.56069364162
Big Bend National Park,texas,NOUN,0.329479768786
Big Bend National Park,chihuahuan,NOUN,0.173410404624
Big Bend National Park,basin,NOUN,0.123864574732
Big Bend National Park,thorough,ADJ,0.0867052023121
Big Bend National Park,sport,NOUN,0.0867052023121
Big Bend National Park,shangri,NOUN,0.0867052023121
Big Bend National Park,nook,NOUN,0.0867052023121
Big Bend National Park,metal,NOUN,0.0867052023121
Big Bend National Park,maple,NOUN,0.0867052023121
Big Bend National Park,lion,NOUN,0.0867052023121
Big Bend National Park,goregous,ADJ,0.0867052023121
Big Bend National Park,dual,ADJ,0.0867052023121
Big Bend National Park,cenrtal,ADJ,0.0867052023121
Big Bend National Park,captivate,VERB,0.0867052023121
Big Bend National Park,breathtakingmountains,NOUN,0.0867052023121
Big Bend National Park,afterward,ADV,0.0867052023121
Big Bend National Park,beautiful,ADJ,0.0717560294997
Big Bend National Park,mountains,NOUN,0.0677384393064
Big Bend National Park,desert,NOUN,0.0591171833946
Big Bend National Park,oasis,NOUN,0.055176037835
Big Bend National Park,range,NOUN,0.0433526011561
Big Bend National Park,ran,VERB,0.0433526011561
Big Bend National Park,mountainous,ADJ,0.0433526011561
Big Bend National Park,increasing,VERB,0.0433526011561
Biscayne National Park,miami,NOUN,0.316384180791
Biscayne National Park,paddle,INTJ,0.237288135593
Biscayne National Park,lighthouse,NOUN,0.135593220339
Biscayne National Park,institute,NOUN,0.135593220339
Biscayne National Park,boat,NOUN,0.122033898305
Biscayne National Park,snorkeling,NOUN,0.118644067797
Biscayne National Park,snorkel,NOUN,0.101694915254
Biscayne National Park,underwater,ADV,0.0847457627119
Biscayne National Park,waterfront,NOUN,0.0677966101695
Biscayne National Park,thebpark,NOUN,0.0677966101695
Biscayne National Park,submerged,VERB,0.0677966101695
Biscayne National Park,strolling,VERB,0.0677966101695
Biscayne National Park,sorted,VERB,0.0677966101695
Biscayne National Park,shipwreck,VERB,0.0677966101695
Biscayne National Park,saltwater,NOUN,0.0677966101695
Biscayne National Park,sailboat,NOUN,0.0677966101695
Biscayne National Park,refuge,NOUN,0.0677966101695
Biscayne National Park,reefs,NOUN,0.0677966101695
Biscayne National Park,playita,NOUN,0.0677966101695
Biscayne National Park,pennekamp,NOUN,0.0677966101695
Biscayne National Park,paddling,VERB,0.0677966101695
Biscayne National Park,outdated,VERB,0.0677966101695
Biscayne National Park,offshore,ADV,0.0677966101695
Biscayne National Park,nice-,X,0.0677966101695
Biscayne National Park,nhs,INTJ,0.0677966101695
Black Canyon Of The Gunnison National Park,colorado,NOUN,0.0662251655629
Black Canyon Of The Gunnison National Park,rim,NOUN,0.0611309220581
Black Canyon Of The Gunnison National Park,views,NOUN,0.0560366785532
Black Canyon Of The Gunnison National Park,beautiful,ADJ,0.0453212008362
Black Canyon Of The Gunnison National Park,deep,ADJ,0.0449492073956
Black Canyon Of The Gunnison National Park,amazing,ADJ,0.0403900735027
Black Canyon Of The Gunnison National Park,great,ADJ,0.0316975151412
Black Canyon Of The Gunnison National Park,grand,ADJ,0.030565461029
Black Canyon Of The Gunnison National Park,uplift,ADJ,0.030565461029
Black Canyon Of The Gunnison National Park,unheard,ADJ,0.030565461029
Black Canyon Of The Gunnison National Park,tradition,NOUN,0.030565461029
Black Canyon Of The Gunnison National Park,tore,VERB,0.030565461029
Black Canyon Of The Gunnison National Park,split,VERB,0.030565461029
Black Canyon Of The Gunnison National Park,slope,NOUN,0.030565461029
Black Canyon Of The Gunnison National Park,skis,NOUN,0.030565461029
Black Canyon Of The Gunnison National Park,shake,VERB,0.030565461029
Black Canyon Of The Gunnison National Park,senery,NOUN,0.030565461029
Black Canyon Of The Gunnison National Park,scar,NOUN,0.030565461029
Black Canyon Of The Gunnison National Park,ridgway,ADV,0.030565461029
Black Canyon Of The Gunnison National Park,relations,NOUN,0.030565461029
Black Canyon Of The Gunnison National Park,rafter,NOUN,0.030565461029
Black Canyon Of The Gunnison National Park,pushing,VERB,0.030565461029
Black Canyon Of The Gunnison National Park,processes,NOUN,0.030565461029
Black Canyon Of The Gunnison National Park,prey,NOUN,0.030565461029
Black Canyon Of The Gunnison National Park,previously,ADV,0.030565461029
Bryce Canyon National Park,hoodoos,NOUN,0.470204081633
Bryce Canyon National Park,hoodoo,ADJ,0.235102040816
Bryce Canyon National Park,utah,ADJ,0.0832653061224
Bryce Canyon National Park,beautiful,ADJ,0.0567487684729
Bryce Canyon National Park,amazing,ADJ,0.0497667638484
Bryce Canyon National Park,navajo,NOUN,0.0489795918367
Bryce Canyon National Park,zion,NOUN,0.04
Bryce Canyon National Park,views,NOUN,0.0358276643991
Bryce Canyon National Park,queens,VERB,0.029387755102
Bryce Canyon National Park,orange,NOUN,0.029387755102
Bryce Canyon National Park,place,NOUN,0.0249350649351
Bryce Canyon National Park,stunning,ADJ,0.0239246467818
Bryce Canyon National Park,great,ADJ,0.0238548752834
Bryce Canyon National Park,spectacular,ADJ,0.0230385487528
Bryce Canyon National Park,amphitheater,NOUN,0.0220408163265
Bryce Canyon National Park,breathtaking,NOUN,0.020978051598
Bryce Canyon National Park,formations,NOUN,0.0207442977191
Bryce Canyon National Park,spike,INTJ,0.0195918367347
Bryce Canyon National Park,hoodos,INTJ,0.0195918367347
Bryce Canyon National Park,hoo,VERB,0.0195918367347
Bryce Canyon National Park,doo,VERB,0.0195918367347
Bryce Canyon National Park,wow,INTJ,0.0177671068427
Bryce Canyon National Park,fairytale,NOUN,0.0171428571429
Bryce Canyon National Park,fairyland,NOUN,0.0171428571429
Bryce Canyon National Park,awesome,ADJ,0.0167930029155
Canyonlands National Park,needles,NOUN,0.264150943396
Canyonlands National Park,arches,NOUN,0.24213836478
Canyonlands National Park,moab,X,0.176100628931
Canyonlands National Park,arch,NOUN,0.106132075472
Canyonlands National Park,mesa,NOUN,0.0919811320755
Canyonlands National Park,utah,ADJ,0.078167115903
Canyonlands National Park,shafer,VERB,0.0754716981132
Canyonlands National Park,canyons,NOUN,0.0632075471698
Canyonlands National Park,district,NOUN,0.062893081761
Canyonlands National Park,views,NOUN,0.0599231306778
Canyonlands National Park,island,NOUN,0.0559299191375
Canyonlands National Park,beautiful,ADJ,0.0487963565387
Canyonlands National Park,sky,NOUN,0.0428816466552
Canyonlands National Park,jeep,VERB,0.0408805031447
Canyonlands National Park,grand,ADJ,0.034692635423
Canyonlands National Park,great,ADJ,0.0345911949686
Canyonlands National Park,islands,NOUN,0.0320754716981
Canyonlands National Park,amazing,ADJ,0.0311657681941
Canyonlands National Park,druid,NOUN,0.0283018867925
Canyonlands National Park,vistas,NOUN,0.0199161425577
Canyonlands National Park,squaw,NOUN,0.0188679245283
Canyonlands National Park,newspaper,NOUN,0.0188679245283
Canyonlands National Park,chesley,INTJ,0.0188679245283
Canyonlands National Park,visit,VERB,0.0186963979417
Canyonlands National Park,scenery,NOUN,0.0142399430402
Capitol Reef National Park,utah,ADJ,0.188120998013
Capitol Reef National Park,orchards,NOUN,0.0741885625966
Capitol Reef National Park,fruita,NOUN,0.0741885625966
Capitol Reef National Park,moab,X,0.0680061823802
Capitol Reef National Park,capital,NOUN,0.0593508500773
Capitol Reef National Park,waterpocket,NOUN,0.0556414219474
Capitol Reef National Park,pie,NOUN,0.0556414219474
Capitol Reef National Park,bryce,NOUN,0.0529918304261
Capitol Reef National Park,zion,NOUN,0.0525502318393
Capitol Reef National Park,arches,NOUN,0.0494590417311
Capitol Reef National Park,beautiful,ADJ,0.0482865213452
Capitol Reef National Park,fruit,NOUN,0.0463678516229
Capitol Reef National Park,sulphur,NOUN,0.0370942812983
Capitol Reef National Park,fold,VERB,0.0370942812983
Capitol Reef National Park,cassidy,NOUN,0.0370942812983
Capitol Reef National Park,burr,NOUN,0.0370942812983
Capitol Reef National Park,great,ADJ,0.035720419028
Capitol Reef National Park,drive,VERB,0.0259659969088
Capitol Reef National Park,canyonlands,NOUN,0.0247295208655
Capitol Reef National Park,petroglyphs,NOUN,0.0231839258114
Capitol Reef National Park,formations,NOUN,0.0229111737431
Capitol Reef National Park,gem,NOUN,0.0223322713939
Capitol Reef National Park,worth,ADJ,0.022126413406
Capitol Reef National Park,gorge,X,0.0216383307573
Capitol Reef National Park,amazing,ADJ,0.0205343342901
Carlsbad Caverns National Park,room,NOUN,0.377252252252
Carlsbad Caverns National Park,elevators,NOUN,0.101351351351
Carlsbad Caverns National Park,elevator,NOUN,0.101351351351
Carlsbad Caverns National Park,big,ADJ,0.0777812696417
Carlsbad Caverns National Park,subterranean,VERB,0.0675675675676
Carlsbad Caverns National Park,football,NOUN,0.0675675675676
Carlsbad Caverns National Park,amazing,ADJ,0.0567084942085
Carlsbad Caverns National Park,underground,ADV,0.0506756756757
Carlsbad Caverns National Park,formations,NOUN,0.04173290938
Carlsbad Caverns National Park,awesome,ADJ,0.0343870656371
Carlsbad Caverns National Park,wooowww,NOUN,0.0337837837838
Carlsbad Caverns National Park,wooooooowwwww,NOUN,0.0337837837838
Carlsbad Caverns National Park,wand,INTJ,0.0337837837838
Carlsbad Caverns National Park,walt,VERB,0.0337837837838
Carlsbad Caverns National Park,undergound,ADJ,0.0337837837838
Carlsbad Caverns National Park,unbelieavable,ADJ,0.0337837837838
Carlsbad Caverns National Park,tccsrpa,NOUN,0.0337837837838
Carlsbad Caverns National Park,spoilt,VERB,0.0337837837838
Carlsbad Caverns National Park,rosokc,ADP,0.0337837837838
Carlsbad Caverns National Park,room=,VERB,0.0337837837838
Carlsbad Caverns National Park,roo,VERB,0.0337837837838
Carlsbad Caverns National Park,rocked,VERB,0.0337837837838
Carlsbad Caverns National Park,reall,NOUN,0.0337837837838
Carlsbad Caverns National Park,peaceul,NOUN,0.0337837837838
Carlsbad Caverns National Park,old-,NOUN,0.0337837837838
Channel Islands National Park,cruz,NOUN,1.76254589963
Channel Islands National Park,santa,PROPN,0.660954712362
Channel Islands National Park,galapagos,NOUN,0.440636474908
Channel Islands National Park,scorpion,NOUN,0.220318237454
Channel Islands National Park,barbara,NOUN,0.146878824969
Channel Islands National Park,kayaking,VERB,0.0734394124847
Channel Islands National Park,ventura,NOUN,0.0734394124847
Channel Islands National Park,superquick,ADJ,0.0734394124847
Channel Islands National Park,species,NOUN,0.0734394124847
Channel Islands National Park,rosa,NOUN,0.0734394124847
Channel Islands National Park,provisioners,NOUN,0.0734394124847
Channel Islands National Park,prisoners,NOUN,0.0734394124847
Channel Islands National Park,prehistoric,ADJ,0.0734394124847
Channel Islands National Park,potato,NOUN,0.0734394124847
Channel Islands National Park,migration,NOUN,0.0734394124847
Channel Islands National Park,glaore,VERB,0.0734394124847
Channel Islands National Park,endemic,ADJ,0.0734394124847
Channel Islands National Park,dolphins,NOUN,0.0734394124847
Channel Islands National Park,docent,VERB,0.0734394124847
Channel Islands National Park,conservancy,NOUN,0.0734394124847
Channel Islands National Park,circumnavigated,VERB,0.0734394124847
Channel Islands National Park,bare,ADJ,0.0734394124847
Channel Islands National Park,anacapa,NOUN,0.0734394124847
Channel Islands National Park,day,NOUN,0.0571195430437
Channel Islands National Park,snorkeling,NOUN,0.0550795593635
Congaree National Park,boardwalk,NOUN,0.758620689655
Congaree National Park,swamp,NOUN,0.413793103448
Congaree National Park,columbia,NOUN,0.367816091954
Congaree National Park,spiders,NOUN,0.229885057471
Congaree National Park,flooded,VERB,0.229885057471
Congaree National Park,fireflies,NOUN,0.137931034483
Congaree National Park,cypress,NOUN,0.137931034483
Congaree National Park,canoe,NOUN,0.137931034483
Congaree National Park,growth,NOUN,0.126436781609
Congaree National Park,swampland,NOUN,0.0919540229885
Congaree National Park,elevated,VERB,0.0919540229885
Congaree National Park,carolina,NOUN,0.0919540229885
Congaree National Park,canoeing,VERB,0.0766283524904
Congaree National Park,owls,NOUN,0.0689655172414
Congaree National Park,great,ADJ,0.0570455512984
Congaree National Park,walkway,NOUN,0.0459770114943
Congaree National Park,usc,ADJ,0.0459770114943
Congaree National Park,tupelo,INTJ,0.0459770114943
Congaree National Park,tome,VERB,0.0459770114943
Congaree National Park,synchronous,ADJ,0.0459770114943
Congaree National Park,synchronized,VERB,0.0459770114943
Congaree National Park,swampy,VERB,0.0459770114943
Congaree National Park,swamplands,VERB,0.0459770114943
Congaree National Park,swamping,NOUN,0.0459770114943
Congaree National Park,snakes,NOUN,0.0459770114943
Crater Lake National Park,oregon,NOUN,0.672668591812
Crater Lake National Park,blue,ADJ,0.118706222085
Crater Lake National Park,bluest,ADJ,0.0985221674877
Crater Lake National Park,beautiful,ADJ,0.0787240149248
Crater Lake National Park,sapphire,NOUN,0.0611516901648
Crater Lake National Park,wizard,ADJ,0.050959741804
Crater Lake National Park,blues,NOUN,0.050959741804
Crater Lake National Park,bluer,VERB,0.050959741804
Crater Lake National Park,deepest,ADJ,0.0407677934432
Crater Lake National Park,amazing,ADJ,0.032577834939
Crater Lake National Park,garfield,NOUN,0.0305758450824
Crater Lake National Park,rim,NOUN,0.0268696820421
Crater Lake National Park,views,NOUN,0.0241586924108
Crater Lake National Park,stunning,ADJ,0.0241078778534
Crater Lake National Park,trolley,NOUN,0.0237812128419
Crater Lake National Park,breathtaking,NOUN,0.0226915076712
Crater Lake National Park,volcano,NOUN,0.0224222863937
Crater Lake National Park,place,NOUN,0.0222369782417
Crater Lake National Park,shelf,NOUN,0.0203838967216
Crater Lake National Park,record,NOUN,0.0203838967216
Crater Lake National Park,prestine,NOUN,0.0203838967216
Crater Lake National Park,operators,NOUN,0.0203838967216
Crater Lake National Park,hee,INTJ,0.0203838967216
Crater Lake National Park,brainer,NOUN,0.0203838967216
Crater Lake National Park,boat,NOUN,0.0203838967216
Cuyahoga Valley National Park,ohio,NOUN,0.485875706215
Cuyahoga Valley National Park,ledges,NOUN,0.372881355932
Cuyahoga Valley National Park,brandywine,NOUN,0.338983050847
Cuyahoga Valley National Park,towpath,NOUN,0.237288135593
Cuyahoga Valley National Park,cleveland,VERB,0.237288135593
Cuyahoga Valley National Park,cvnp,NOUN,0.203389830508
Cuyahoga Valley National Park,train,NOUN,0.158192090395
Cuyahoga Valley National Park,tow,INTJ,0.135593220339
Cuyahoga Valley National Park,canal,NOUN,0.101694915254
Cuyahoga Valley National Park,akron,NOUN,0.101694915254
Cuyahoga Valley National Park,suburban,ADJ,0.0677966101695
Cuyahoga Valley National Park,recreational,ADJ,0.0677966101695
Cuyahoga Valley National Park,northeast,ADV,0.0677966101695
Cuyahoga Valley National Park,necklace,NOUN,0.0677966101695
Cuyahoga Valley National Park,lock,VERB,0.0677966101695
Cuyahoga Valley National Park,urban,ADJ,0.0621468926554
Cuyahoga Valley National Park,great,ADJ,0.0615191462649
Cuyahoga Valley National Park,biking,VERB,0.0605326876513
Cuyahoga Valley National Park,beautiful,ADJ,0.0514319111631
Cuyahoga Valley National Park,boston,NOUN,0.0508474576271
Cuyahoga Valley National Park,nice,ADJ,0.0375963020031
Cuyahoga Valley National Park,bike,NOUN,0.0353721444363
Cuyahoga Valley National Park,vetrans,NOUN,0.0338983050847
Cuyahoga Valley National Park,underestimate,VERB,0.0338983050847
Cuyahoga Valley National Park,uggghhhhhh,ADJ,0.0338983050847
Death Valley National Park,badwater,NOUN,0.372670807453
Death Valley National Park,dante,NOUN,0.294213795358
Death Valley National Park,view,NOUN,0.194965675057
Death Valley National Park,flats,NOUN,0.117685518143
Death Valley National Park,dantes,NOUN,0.117685518143
Death Valley National Park,views,NOUN,0.0563001707166
Death Valley National Park,lowest,ADJ,0.0490356325597
Death Valley National Park,great,ADJ,0.0424975482184
Death Valley National Park,wasps,NOUN,0.0392285060477
Death Valley National Park,salt,NOUN,0.0392285060477
Death Valley National Park,dvnp,NOUN,0.0392285060477
Death Valley National Park,cooling,VERB,0.0392285060477
Death Valley National Park,breezy,ADV,0.0392285060477
Death Valley National Park,amazing,ADJ,0.0364264699015
Death Valley National Park,worth,ADJ,0.0344109702173
Death Valley National Park,viewpoint,NOUN,0.0336244337552
Death Valley National Park,basin,NOUN,0.0336244337552
Death Valley National Park,sunset,NOUN,0.0322234156821
Death Valley National Park,drive,VERB,0.0317750898987
Death Valley National Park,bees,NOUN,0.0294213795358
Death Valley National Park,panoramic,ADJ,0.025498528931
Death Valley National Park,best,ADJ,0.0241675617615
Death Valley National Park,beautiful,ADJ,0.0240105511154
Death Valley National Park,zabriksie,NOUN,0.0196142530239
Death Valley National Park,wowzah,NOUN,0.0196142530239
Denali National Park,mckinley,NOUN,0.872093023256
Denali National Park,tundra,NOUN,0.218023255814
Denali National Park,club,NOUN,0.190770348837
Denali National Park,eielson,NOUN,0.0981104651163
Denali National Park,kantishna,NOUN,0.0872093023256
Denali National Park,bus,NOUN,0.0821779964222
Denali National Park,alaska,NOUN,0.0664970930233
Denali National Park,talkeetna,NOUN,0.0654069767442
Denali National Park,lottery,NOUN,0.0654069767442
Denali National Park,caribou,NOUN,0.0654069767442
Denali National Park,frontier,NOUN,0.0545058139535
Denali National Park,mount,VERB,0.0526889534884
Denali National Park,mountain,NOUN,0.0450112528132
Denali National Park,beautiful,ADJ,0.043980553328
Denali National Park,princess,NOUN,0.0381540697674
Denali National Park,amazing,ADJ,0.0350394518272
Denali National Park,tour,NOUN,0.0308479713013
Denali National Park,great,ADJ,0.0296753875969
Denali National Park,flightseeing,VERB,0.0272529069767
Denali National Park,wilderness,NOUN,0.0258902616279
Denali National Park,wildlife,NOUN,0.0251854450682
Denali National Park,visible,ADJ,0.0245276162791
Denali National Park,lucky,ADJ,0.0243978405316
Denali National Park,untamed,VERB,0.0218023255814
Denali National Park,transit,NOUN,0.0218023255814
Dry Tortugas National Park,fort,NOUN,0.74774856727
Dry Tortugas National Park,seaplane,NOUN,0.704084417356
Dry Tortugas National Park,jefferson,NOUN,0.365687255526
Dry Tortugas National Park,snorkeling,NOUN,0.221049758938
Dry Tortugas National Park,yankee,NOUN,0.174656599654
Dry Tortugas National Park,freedom,NOUN,0.0873282998272
Dry Tortugas National Park,trip,NOUN,0.0754871744269
Dry Tortugas National Park,keys,NOUN,0.075047757664
Dry Tortugas National Park,plane,NOUN,0.0742290548531
Dry Tortugas National Park,day,NOUN,0.0679220109767
Dry Tortugas National Park,key,ADJ,0.0647684890385
Dry Tortugas National Park,ferry,NOUN,0.0627672155008
Dry Tortugas National Park,great,ADJ,0.0540748152865
Dry Tortugas National Park,snorkel,NOUN,0.0436641499136
Dry Tortugas National Park,snorkling,VERB,0.0382061311744
Dry Tortugas National Park,boat,NOUN,0.0382061311744
Dry Tortugas National Park,history,NOUN,0.0358459068547
Dry Tortugas National Park,amazing,ADJ,0.0333329001572
Dry Tortugas National Park,jellyfish,NOUN,0.0327481124352
Dry Tortugas National Park,worth,ADJ,0.032460848291
Dry Tortugas National Park,west,NOUN,0.0296056167975
Dry Tortugas National Park,beautiful,ADJ,0.0290780653519
Dry Tortugas National Park,mudd,VERB,0.027290093696
Dry Tortugas National Park,florida,X,0.0251068862003
Dry Tortugas National Park,place,NOUN,0.0241145191568
Everglades National Park,alligators,NOUN,1.13309352518
Everglades National Park,gators,NOUN,0.755395683453
Everglades National Park,anhinga,NOUN,0.485611510791
Everglades National Park,gator,NOUN,0.242805755396
Everglades National Park,alligator,NOUN,0.215827338129
Everglades National Park,shark,VERB,0.188848920863
Everglades National Park,florida,X,0.188848920863
Everglades National Park,flamingo,NOUN,0.161870503597
Everglades National Park,airboat,NOUN,0.161870503597
Everglades National Park,crocodiles,NOUN,0.134892086331
Everglades National Park,mosquitos,NOUN,0.0944244604317
Everglades National Park,truelly,ADV,0.0539568345324
Everglades National Park,tram,NOUN,0.0539568345324
Everglades National Park,nike,NOUN,0.0539568345324
Everglades National Park,grass,NOUN,0.0539568345324
Everglades National Park,garl,NOUN,0.0539568345324
Everglades National Park,birds,NOUN,0.0518815716657
Everglades National Park,miami,NOUN,0.044964028777
Everglades National Park,great,ADJ,0.0414668265388
Everglades National Park,swamp,NOUN,0.0404676258993
Everglades National Park,repellent,NOUN,0.0404676258993
Everglades National Park,wildlife,NOUN,0.0381419002729
Everglades National Park,mosquitoes,VERB,0.0359712230216
Everglades National Park,keys,NOUN,0.0337230215827
Everglades National Park,visit,VERB,0.0313930673643
Gates Of The Arctic National Park,flowing,VERB,0.952380952381
Gates Of The Arctic National Park,fast,ADV,0.666666666667
Gates Of The Arctic National Park,alaska,NOUN,0.666666666667
Gates Of The Arctic National Park,surrounding,VERB,0.606060606061
Gates Of The Arctic National Park,river,NOUN,0.289855072464
Gates Of The Arctic National Park,wilderness,NOUN,0.208333333333
Gates Of The Arctic National Park,breathtaking,NOUN,0.125786163522
Gates Of The Arctic National Park,views,NOUN,0.123456790123
Gates Of The Arctic National Park,trip,NOUN,0.112994350282
Glacier Bay National Park,glaciers,NOUN,0.275961192957
Glacier Bay National Park,cruise,NOUN,0.184795441712
Glacier Bay National Park,alaska,NOUN,0.150916277398
Glacier Bay National Park,holland,NOUN,0.114983830399
Glacier Bay National Park,uncruise,ADJ,0.107797340999
Glacier Bay National Park,calving,VERB,0.107797340999
Glacier Bay National Park,princess,NOUN,0.0862378727991
Glacier Bay National Park,westerdam,ADJ,0.0646784045994
Glacier Bay National Park,tidewater,NOUN,0.0646784045994
Glacier Bay National Park,passage,NOUN,0.0646784045994
Glacier Bay National Park,margerie,NOUN,0.0646784045994
Glacier Bay National Park,hubbard,NOUN,0.0646784045994
Glacier Bay National Park,cruising,NOUN,0.0610851598994
Glacier Bay National Park,ship,NOUN,0.0538986704995
Glacier Bay National Park,beautiful,ADJ,0.0438623663375
Glacier Bay National Park,thundering,NOUN,0.0431189363996
Glacier Bay National Park,shrinking,VERB,0.0431189363996
Glacier Bay National Park,noordam,NOUN,0.0431189363996
Glacier Bay National Park,kingdom,NOUN,0.0431189363996
Glacier Bay National Park,johns,VERB,0.0431189363996
Glacier Bay National Park,hopkins,NOUN,0.0431189363996
Glacier Bay National Park,eurodam,NOUN,0.0431189363996
Glacier Bay National Park,amazing,ADJ,0.0365740978389
Glacier Bay National Park,alaskan,ADJ,0.0344951491197
Glacier Bay National Park,boat,NOUN,0.0330578512397
Glacier National Park,jammer,NOUN,0.103092783505
Glacier National Park,logan,VERB,0.0945017182131
Glacier National Park,drive,VERB,0.0754295532646
Glacier National Park,gnp,VERB,0.0687285223368
Glacier National Park,engineering,NOUN,0.0601374570447
Glacier National Park,road,NOUN,0.058830121022
Glacier National Park,beautiful,ADJ,0.0525832444602
Glacier National Park,views,NOUN,0.043750795469
Glacier National Park,sun,NOUN,0.0364261168385
Glacier National Park,amazing,ADJ,0.0357449680903
Glacier National Park,touching,VERB,0.0343642611684
Glacier National Park,montana,NOUN,0.0343642611684
Glacier National Park,jammers,NOUN,0.0343642611684
Glacier National Park,gttsr,X,0.0343642611684
Glacier National Park,red,ADJ,0.0312960235641
Glacier National Park,bus,NOUN,0.0310600052868
Glacier National Park,road-,X,0.0257731958763
Glacier National Park,huckleberry,VERB,0.0257731958763
Glacier National Park,scary,ADJ,0.024162371134
Glacier National Park,great,ADJ,0.0229095074456
Glacier National Park,narrow,ADJ,0.0223367697595
Glacier National Park,knuckle,X,0.0214776632302
Glacier National Park,spectacular,ADJ,0.0202049128166
Glacier National Park,going,VERB,0.0196965887185
Glacier National Park,continent,NOUN,0.0193298969072
Grand Canyon National Park,rim,NOUN,0.137438619774
Grand Canyon National Park,skywalk,NOUN,0.0525547445255
Grand Canyon National Park,amazing,ADJ,0.0507090719499
Grand Canyon National Park,south,ADV,0.0379144942649
Grand Canyon National Park,maverick,VERB,0.0315328467153
Grand Canyon National Park,breathtaking,NOUN,0.030541247762
Grand Canyon National Park,views,NOUN,0.0297810218978
Grand Canyon National Park,kaibab,VERB,0.0280291970803
Grand Canyon National Park,beautiful,ADJ,0.026126352882
Grand Canyon National Park,helicopter,NOUN,0.0248759124088
Grand Canyon National Park,awesome,ADJ,0.0234306569343
Grand Canyon National Park,vegas,PROPN,0.0226144658261
Grand Canyon National Park,pygmy,NOUN,0.0210218978102
Grand Canyon National Park,rafting,VERB,0.0205839416058
Grand Canyon National Park,great,ADJ,0.020502838605
Grand Canyon National Park,watchtower,NOUN,0.0192700729927
Grand Canyon National Park,mather,ADP,0.0192700729927
Grand Canyon National Park,wow,INTJ,0.0183769858308
Grand Canyon National Park,bright,ADJ,0.0179562043796
Grand Canyon National Park,angel,NOUN,0.0179562043796
Grand Canyon National Park,view,NOUN,0.017798540146
Grand Canyon National Park,wonder,NOUN,0.0175609756098
Grand Canyon National Park,papillon,NOUN,0.0175182481752
Grand Canyon National Park,bucket,NOUN,0.0167674661105
Grand Canyon National Park,list,NOUN,0.0166821499668
Grand Teton National Park,tetons,NOUN,0.514390691978
Grand Teton National Park,jenny,NOUN,0.12247397428
Grand Teton National Park,chapel,VERB,0.0857317819963
Grand Teton National Park,beautiful,ADJ,0.0840424857994
Grand Teton National Park,yellowstone,NOUN,0.081649316187
Grand Teton National Park,jackson,NOUN,0.0734843845683
Grand Teton National Park,transfiguration,NOUN,0.0489895897122
Grand Teton National Park,mountains,NOUN,0.0459277403552
Grand Teton National Park,views,NOUN,0.0374226032524
Grand Teton National Park,phelps,NOUN,0.0367421922841
Grand Teton National Park,jagged,VERB,0.0367421922841
Grand Teton National Park,gtnp,NOUN,0.0367421922841
Grand Teton National Park,range,NOUN,0.0318432333129
Grand Teton National Park,moose,VERB,0.0318432333129
Grand Teton National Park,snake,NOUN,0.0306184935701
Grand Teton National Park,amazing,ADJ,0.0306184935701
Grand Teton National Park,great,ADJ,0.0263092241047
Grand Teton National Park,wyoming,VERB,0.0244947948561
Grand Teton National Park,tetons-,X,0.0244947948561
Grand Teton National Park,rockefeller,NOUN,0.0244947948561
Grand Teton National Park,pound,NOUN,0.0244947948561
Grand Teton National Park,gnar,NOUN,0.0244947948561
Grand Teton National Park,colter,NOUN,0.0244947948561
Grand Teton National Park,alltrans,NOUN,0.0244947948561
Grand Teton National Park,mountain,NOUN,0.0240997175197
Great Basin National Park,lehman,NOUN,1.10236220472
Great Basin National Park,wheeler,NOUN,0.367454068241
Great Basin National Park,bristlecone,ADV,0.367454068241
Great Basin National Park,nevada,ADJ,0.209973753281
Great Basin National Park,caves,NOUN,0.170603674541
Great Basin National Park,gbnp,VERB,0.157480314961
Great Basin National Park,bristlecones,NOUN,0.157480314961
Great Basin National Park,baker,NOUN,0.157480314961
Great Basin National Park,cave,NOUN,0.142482189726
Great Basin National Park,pines,NOUN,0.10498687664
Great Basin National Park,starry,INTJ,0.0524934383202
Great Basin National Park,screw,NOUN,0.0524934383202
Great Basin National Park,resides,NOUN,0.0524934383202
Great Basin National Park,potty,VERB,0.0524934383202
Great Basin National Park,porta,NOUN,0.0524934383202
Great Basin National Park,pleasently,ADV,0.0524934383202
Great Basin National Park,oft,ADV,0.0524934383202
Great Basin National Park,npark,NOUN,0.0524934383202
Great Basin National Park,natnl,INTJ,0.0524934383202
Great Basin National Park,midst,NOUN,0.0524934383202
Great Basin National Park,meow,NOUN,0.0524934383202
Great Basin National Park,lonliest,ADJ,0.0524934383202
Great Basin National Park,loneliest,ADJ,0.0524934383202
Great Basin National Park,lehmann,VERB,0.0524934383202
Great Basin National Park,knowedgeable,ADJ,0.0524934383202
Great Sand Dunes National Park,sledding,VERB,0.218446601942
Great Sand Dunes National Park,sandy,ADJ,0.109223300971
Great Sand Dunes National Park,sahara,ADJ,0.109223300971
Great Sand Dunes National Park,playing,VERB,0.109223300971
Great Sand Dunes National Park,boarding,VERB,0.109223300971
Great Sand Dunes National Park,colorado,NOUN,0.0910194174757
Great Sand Dunes National Park,sunblock,NOUN,0.0728155339806
Great Sand Dunes National Park,sandpile,VERB,0.0728155339806
Great Sand Dunes National Park,sandbox,NOUN,0.0728155339806
Great Sand Dunes National Park,amazing,ADJ,0.0617631761442
Great Sand Dunes National Park,sled,VERB,0.0546116504854
Great Sand Dunes National Park,tallest,ADJ,0.0436893203883
Great Sand Dunes National Park,place,NOUN,0.0423654015887
Great Sand Dunes National Park,zapata,X,0.0364077669903
Great Sand Dunes National Park,wiggle,VERB,0.0364077669903
Great Sand Dunes National Park,wholly,ADV,0.0364077669903
Great Sand Dunes National Park,weatern,ADJ,0.0364077669903
Great Sand Dunes National Park,trailer,NOUN,0.0364077669903
Great Sand Dunes National Park,towel,NOUN,0.0364077669903
Great Sand Dunes National Park,toes,NOUN,0.0364077669903
Great Sand Dunes National Park,teenaged,VERB,0.0364077669903
Great Sand Dunes National Park,swimsuit,NOUN,0.0364077669903
Great Sand Dunes National Park,surfing,VERB,0.0364077669903
Great Sand Dunes National Park,superbly,ADV,0.0364077669903
Great Sand Dunes National Park,strategize,VERB,0.0364077669903
Great Smoky Mountains National Park,cades,NOUN,0.415704387991
Great Smoky Mountains National Park,gatlinburg,NOUN,0.346420323326
Great Smoky Mountains National Park,smokies,NOUN,0.323325635104
Great Smoky Mountains National Park,cove,VERB,0.161662817552
Great Smoky Mountains National Park,gsmnp,NOUN,0.13856812933
Great Smoky Mountains National Park,beautiful,ADJ,0.123038942423
Great Smoky Mountains National Park,laurel,NOUN,0.115473441109
Great Smoky Mountains National Park,cade,NOUN,0.0923787528868
Great Smoky Mountains National Park,alum,NOUN,0.0923787528868
Great Smoky Mountains National Park,tennessee,NOUN,0.0692840646651
Great Smoky Mountains National Park,clingmans,NOUN,0.0692840646651
Great Smoky Mountains National Park,smokey,NOUN,0.0554272517321
Great Smoky Mountains National Park,pigeon,NOUN,0.0461893764434
Great Smoky Mountains National Park,greenbrier,NOUN,0.0461893764434
Great Smoky Mountains National Park,forge,NOUN,0.0461893764434
Great Smoky Mountains National Park,cherokee,NOUN,0.0461893764434
Great Smoky Mountains National Park,appalachian,ADJ,0.0461893764434
Great Smoky Mountains National Park,views,NOUN,0.0414849029168
Great Smoky Mountains National Park,streams,NOUN,0.0346420323326
Great Smoky Mountains National Park,dome,NOUN,0.0307929176289
Great Smoky Mountains National Park,place,NOUN,0.0235145916439
Great Smoky Mountains National Park,amazing,ADJ,0.0235070933685
Great Smoky Mountains National Park,worldclass,NOUN,0.0230946882217
Great Smoky Mountains National Park,wonerful,ADJ,0.0230946882217
Great Smoky Mountains National Park,trillium,NOUN,0.0230946882217
Guadalupe Mountains National Park,texas,NOUN,0.623115577889
Guadalupe Mountains National Park,tougher,ADJ,0.201005025126
Guadalupe Mountains National Park,hike,INTJ,0.161677954992
Guadalupe Mountains National Park,ultrarunning,ADJ,0.100502512563
Guadalupe Mountains National Park,texan,ADJ,0.100502512563
Guadalupe Mountains National Park,tejas,NOUN,0.100502512563
Guadalupe Mountains National Park,scramble,VERB,0.100502512563
Guadalupe Mountains National Park,rooftop,NOUN,0.100502512563
Guadalupe Mountains National Park,looong,NOUN,0.100502512563
Guadalupe Mountains National Park,kinker,NOUN,0.100502512563
Guadalupe Mountains National Park,hostile,ADJ,0.100502512563
Guadalupe Mountains National Park,highpoint,NOUN,0.100502512563
Guadalupe Mountains National Park,guadulupe,NOUN,0.100502512563
Guadalupe Mountains National Park,engineered,VERB,0.100502512563
Guadalupe Mountains National Park,carlsbad,NOUN,0.100502512563
Guadalupe Mountains National Park,accomplishment,ADJ,0.100502512563
Guadalupe Mountains National Park,peak,NOUN,0.0846336947897
Guadalupe Mountains National Park,highest,ADJ,0.0730927364093
Guadalupe Mountains National Park,great,ADJ,0.0614182021217
Guadalupe Mountains National Park,wintering,VERB,0.0502512562814
Guadalupe Mountains National Park,suprise,NOUN,0.0502512562814
Guadalupe Mountains National Park,signature,NOUN,0.0502512562814
Guadalupe Mountains National Park,mountians,NOUN,0.0502512562814
Guadalupe Mountains National Park,hall,NOUN,0.0502512562814
Guadalupe Mountains National Park,grueling,VERB,0.0502512562814
Haleakala National Park,maui,NOUN,1.1895199847
Haleakala National Park,crater,NOUN,0.388857015363
Haleakala National Park,sunrise,NOUN,0.188213170141
Haleakala National Park,clouds,NOUN,0.0632566897627
Haleakala National Park,hawaii,VERB,0.0592847580799
Haleakala National Park,sunset,NOUN,0.0577821490042
Haleakala National Park,waking,VERB,0.057372346529
Haleakala National Park,sliding,VERB,0.0458978772232
Haleakala National Park,haleakalƒÅ,INTJ,0.0458978772232
Haleakala National Park,amazing,ADJ,0.0433707619594
Haleakala National Park,volcano,NOUN,0.0420730541212
Haleakala National Park,worth,ADJ,0.0350944295142
Haleakala National Park,alarm,NOUN,0.0344234079174
Haleakala National Park,beautiful,ADJ,0.0329066677218
Haleakala National Park,views,NOUN,0.031165225275
Haleakala National Park,view,NOUN,0.0283036909543
Haleakala National Park,drive,VERB,0.0279977051061
Haleakala National Park,rise,VERB,0.0267737617135
Haleakala National Park,nettie,NOUN,0.0267737617135
Haleakala National Park,wake,NOUN,0.0260087970931
Haleakala National Park,cold,ADJ,0.0259422784305
Haleakala National Park,polynesian,NOUN,0.0229489386116
Haleakala National Park,summit,NOUN,0.0221839739912
Haleakala National Park,experience,NOUN,0.0217667205619
Haleakala National Park,great,ADJ,0.0217448276351
Hawaii Volcanoes National Park,lava,NOUN,0.607295432139
Hawaii Volcanoes National Park,kilauea,NOUN,0.236608609924
Hawaii Volcanoes National Park,pele,NOUN,0.205060795268
Hawaii Volcanoes National Park,island,NOUN,0.1053471668
Hawaii Volcanoes National Park,crater,NOUN,0.103844889911
Hawaii Volcanoes National Park,glow,VERB,0.100558659218
Hawaii Volcanoes National Park,vents,NOUN,0.0867564903056
Hawaii Volcanoes National Park,tube,NOUN,0.0867564903056
Hawaii Volcanoes National Park,kona,NOUN,0.0788695366415
Hawaii Volcanoes National Park,iki,INTJ,0.0749260598094
Hawaii Volcanoes National Park,volcanos,INTJ,0.0657246138679
Hawaii Volcanoes National Park,flow,VERB,0.0650673677292
Hawaii Volcanoes National Park,hilo,NOUN,0.0630956293132
Hawaii Volcanoes National Park,flows,NOUN,0.0591521524811
Hawaii Volcanoes National Park,craters,NOUN,0.053236937233
Hawaii Volcanoes National Park,steam,NOUN,0.0473217219849
Hawaii Volcanoes National Park,jaggar,NOUN,0.0473217219849
Hawaii Volcanoes National Park,tubes,NOUN,0.0453499835688
Hawaii Volcanoes National Park,active,ADJ,0.0450683066523
Hawaii Volcanoes National Park,molten,ADJ,0.0433782451528
Hawaii Volcanoes National Park,amazing,ADJ,0.0421106990282
Hawaii Volcanoes National Park,caldera,NOUN,0.036805783766
Hawaii Volcanoes National Park,jagger,NOUN,0.0354912914887
Hawaii Volcanoes National Park,erupting,VERB,0.0354912914887
Hawaii Volcanoes National Park,great,ADJ,0.032278088144
Hot Springs National Park,bath,NOUN,0.513643659711
Hot Springs National Park,bathhouse,ADP,0.417335473515
Hot Springs National Park,arkansas,NOUN,0.353130016051
Hot Springs National Park,fordyce,NOUN,0.16051364366
Hot Springs National Park,bathhouses,NOUN,0.16051364366
Hot Springs National Park,spa,NOUN,0.128410914928
Hot Springs National Park,houses,NOUN,0.0963081861958
Hot Springs National Park,baths,NOUN,0.0963081861958
Hot Springs National Park,smallest,ADJ,0.0802568218299
Hot Springs National Park,mineral,NOUN,0.0802568218299
Hot Springs National Park,walkways,NOUN,0.0642054574639
Hot Springs National Park,restored,VERB,0.0642054574639
Hot Springs National Park,promenade,NOUN,0.0642054574639
Hot Springs National Park,hotsprings,NOUN,0.0642054574639
Hot Springs National Park,downtown,NOUN,0.0642054574639
Hot Springs National Park,row,NOUN,0.0504471451502
Hot Springs National Park,hometown,NOUN,0.0481540930979
Hot Springs National Park,history,NOUN,0.0459849898052
Hot Springs National Park,great,ADJ,0.0445871232388
Hot Springs National Park,beautiful,ADJ,0.0409586538994
Hot Springs National Park,interesting,ADJ,0.0369879265825
Hot Springs National Park,vol.1,NOUN,0.0321027287319
Hot Springs National Park,uncapped,ADJ,0.0321027287319
Hot Springs National Park,traills,NOUN,0.0321027287319
Hot Springs National Park,taxpayer,NOUN,0.0321027287319
Indiana Dunes National Park,chicago,NOUN,0.33950617284
Indiana Dunes National Park,beach,NOUN,0.333894500561
Indiana Dunes National Park,lakeshore,ADV,0.246913580247
Indiana Dunes National Park,michigan,VERB,0.123456790123
Indiana Dunes National Park,baldy,NOUN,0.0925925925926
Indiana Dunes National Park,sand,NOUN,0.0874485596708
Indiana Dunes National Park,biting,VERB,0.0771604938272
Indiana Dunes National Park,beaches,NOUN,0.0720164609053
Indiana Dunes National Park,great,ADJ,0.0628715134888
Indiana Dunes National Park,surf,VERB,0.0617283950617
Indiana Dunes National Park,raccoons,NOUN,0.0617283950617
Indiana Dunes National Park,portage,NOUN,0.0617283950617
Indiana Dunes National Park,infested,VERB,0.0617283950617
Indiana Dunes National Park,challenge,NOUN,0.0589225589226
Indiana Dunes National Park,shores,NOUN,0.0462962962963
Indiana Dunes National Park,sandy,ADJ,0.0462962962963
Indiana Dunes National Park,lake,NOUN,0.0462962962963
Indiana Dunes National Park,flies,NOUN,0.0462962962963
Indiana Dunes National Park,beautiful,ADJ,0.0462962962963
Indiana Dunes National Park,state,NOUN,0.033950617284
Indiana Dunes National Park,nice,ADJ,0.03367003367
Indiana Dunes National Park,yass,NOUN,0.0308641975309
Indiana Dunes National Park,wooded,VERB,0.0308641975309
Indiana Dunes National Park,vampire,NOUN,0.0308641975309
Indiana Dunes National Park,unkempt,ADJ,0.0308641975309
Isle Royale National Park,harbor,VERB,0.418848167539
Isle Royale National Park,sneaks,NOUN,0.314136125654
Isle Royale National Park,secrete,NOUN,0.314136125654
Isle Royale National Park,ruggedness,NOUN,0.314136125654
Isle Royale National Park,rail,NOUN,0.314136125654
Isle Royale National Park,lessor,NOUN,0.314136125654
Isle Royale National Park,iii,PUNCT,0.314136125654
Isle Royale National Park,civiliation,NOUN,0.314136125654
Isle Royale National Park,attached,VERB,0.314136125654
Isle Royale National Park,ties,NOUN,0.157068062827
Isle Royale National Park,siting,VERB,0.157068062827
Isle Royale National Park,pike,NOUN,0.157068062827
Isle Royale National Park,launching,VERB,0.157068062827
Isle Royale National Park,marina,NOUN,0.104712041885
Isle Royale National Park,cruises,NOUN,0.104712041885
Isle Royale National Park,begins,VERB,0.104712041885
Isle Royale National Park,50th,ADJ,0.104712041885
Isle Royale National Park,stellar,ADJ,0.0897531787584
Isle Royale National Park,harder,ADV,0.0785340314136
Isle Royale National Park,civilization,NOUN,0.0785340314136
Isle Royale National Park,island,NOUN,0.0673148840688
Isle Royale National Park,website,NOUN,0.0628272251309
Isle Royale National Park,u.s,PUNCT,0.0628272251309
Isle Royale National Park,moose,VERB,0.0628272251309
Isle Royale National Park,lodging,NOUN,0.0628272251309
Joshua Tree National Park,palm,NOUN,0.236842105263
Joshua Tree National Park,mojave,X,0.157894736842
Joshua Tree National Park,springs,NOUN,0.131578947368
Joshua Tree National Park,yucca,INTJ,0.0789473684211
Joshua Tree National Park,wowzaaaaaaa,NOUN,0.0789473684211
Joshua Tree National Park,whaaaa,NOUN,0.0789473684211
Joshua Tree National Park,weirdly,ADV,0.0789473684211
Joshua Tree National Park,susnet,NOUN,0.0789473684211
Joshua Tree National Park,spin,NOUN,0.0789473684211
Joshua Tree National Park,serne,NOUN,0.0789473684211
Joshua Tree National Park,scrambling,VERB,0.0789473684211
Joshua Tree National Park,rememeber,VERB,0.0789473684211
Joshua Tree National Park,possesses,VERB,0.0789473684211
Joshua Tree National Park,ominous,ADJ,0.0789473684211
Joshua Tree National Park,mill,NOUN,0.0789473684211
Joshua Tree National Park,l.a,X,0.0789473684211
Joshua Tree National Park,joshuatree,VERB,0.0789473684211
Joshua Tree National Park,jolly,ADV,0.0789473684211
Joshua Tree National Park,jackrabbits,NOUN,0.0789473684211
Joshua Tree National Park,fulfills,NOUN,0.0789473684211
Joshua Tree National Park,flinstones,NOUN,0.0789473684211
Joshua Tree National Park,deserts,NOUN,0.0789473684211
Joshua Tree National Park,coachella,NOUN,0.0789473684211
Joshua Tree National Park,chollas,NOUN,0.0789473684211
Joshua Tree National Park,cholla,NOUN,0.0789473684211
Katmai National Park,brooks,NOUN,1.19047619048
Katmai National Park,bears,NOUN,0.500992063492
Katmai National Park,salmon,NOUN,0.238095238095
Katmai National Park,webcam,NOUN,0.15873015873
Katmai National Park,bear,VERB,0.14880952381
Katmai National Park,alaska,NOUN,0.0952380952381
Katmai National Park,year-,X,0.0793650793651
Katmai National Park,wasantha,VERB,0.0793650793651
Katmai National Park,viewinf,X,0.0793650793651
Katmai National Park,unfair,ADJ,0.0793650793651
Katmai National Park,trout,NOUN,0.0793650793651
Katmai National Park,telephoto,NOUN,0.0793650793651
Katmai National Park,sockeye,NOUN,0.0793650793651
Katmai National Park,socialization,NOUN,0.0793650793651
Katmai National Park,shameful,ADJ,0.0793650793651
Katmai National Park,salmons,NOUN,0.0793650793651
Katmai National Park,safely,ADV,0.0793650793651
Katmai National Park,rusts,NOUN,0.0793650793651
Katmai National Park,rust,NOUN,0.0793650793651
Katmai National Park,monopod,NOUN,0.0793650793651
Katmai National Park,lenses,NOUN,0.0793650793651
Katmai National Park,kulik,NOUN,0.0793650793651
Katmai National Park,kool,VERB,0.0793650793651
Katmai National Park,gougers,NOUN,0.0793650793651
Katmai National Park,fleeting,VERB,0.0793650793651
Kenai Fjords National Park,exit,NOUN,0.535266239197
Kenai Fjords National Park,glacier,ADJ,0.478394201282
Kenai Fjords National Park,seward,NOUN,0.434903819348
Kenai Fjords National Park,harding,VERB,0.351268469473
Kenai Fjords National Park,glaciers,NOUN,0.207415667689
Kenai Fjords National Park,icefield,VERB,0.167270699749
Kenai Fjords National Park,whales,NOUN,0.133816559799
Kenai Fjords National Park,marine,ADJ,0.105938109841
Kenai Fjords National Park,seals,NOUN,0.100362419849
Kenai Fjords National Park,puffins,NOUN,0.100362419849
Kenai Fjords National Park,northwestern,ADJ,0.100362419849
Kenai Fjords National Park,otters,NOUN,0.0836353498745
Kenai Fjords National Park,orcas,NOUN,0.0836353498745
Kenai Fjords National Park,whale,NOUN,0.0836353498745
Kenai Fjords National Park,alaska,NOUN,0.0786172288821
Kenai Fjords National Park,cruise,NOUN,0.0681030706121
Kenai Fjords National Park,tidal,ADJ,0.0669082798996
Kenai Fjords National Park,sealife,NOUN,0.0669082798996
Kenai Fjords National Park,boat,NOUN,0.061332589908
Kenai Fjords National Park,beautiful,ADJ,0.0573911538794
Kenai Fjords National Park,lions,NOUN,0.0501812099247
Kenai Fjords National Park,humpbacks,NOUN,0.0501812099247
Kenai Fjords National Park,wildlife,NOUN,0.044413254761
Kenai Fjords National Park,alaskan,ADJ,0.0434903819348
Kenai Fjords National Park,great,ADJ,0.0402688721618
Kings Canyon National Park,sequoia,VERB,0.496894409938
Kings Canyon National Park,yosemite,INTJ,0.120459250894
Kings Canyon National Park,fresno,NOUN,0.101637492942
Kings Canyon National Park,byway,NOUN,0.101637492942
Kings Canyon National Park,sequioa,NOUN,0.0677583286279
Kings Canyon National Park,deeper,ADJ,0.0677583286279
Kings Canyon National Park,bubb,NOUN,0.0677583286279
Kings Canyon National Park,beautiful,ADJ,0.0508187464709
Kings Canyon National Park,roaring,VERB,0.0508187464709
Kings Canyon National Park,grove,VERB,0.0508187464709
Kings Canyon National Park,sequoias,NOUN,0.0451722190853
Kings Canyon National Park,drive,VERB,0.0440429136081
Kings Canyon National Park,trees,NOUN,0.0415789743853
Kings Canyon National Park,great,ADJ,0.0351339481774
Kings Canyon National Park,meadow,INTJ,0.0338791643139
Kings Canyon National Park,giants,NOUN,0.0338791643139
Kings Canyon National Park,zumwalt,NOUN,0.0338791643139
Kings Canyon National Park,yosemiteish,ADJ,0.0338791643139
Kings Canyon National Park,wounderes,NOUN,0.0338791643139
Kings Canyon National Park,uninteresting,ADJ,0.0338791643139
Kings Canyon National Park,smoggy,NOUN,0.0338791643139
Kings Canyon National Park,sierras,NOUN,0.0338791643139
Kings Canyon National Park,regenerative,ADJ,0.0338791643139
Kings Canyon National Park,over-,PUNCT,0.0338791643139
Kings Canyon National Park,narrowness,NOUN,0.0338791643139
Kobuk Valley National Park,quietness,INTJ,5.0
Kobuk Valley National Park,desolation,NOUN,1.66666666667
Kobuk Valley National Park,alaska,NOUN,0.5
Kobuk Valley National Park,solitude,NOUN,0.294117647059
Kobuk Valley National Park,challenging,VERB,0.294117647059
Kobuk Valley National Park,quiet,ADJ,0.128205128205
Kobuk Valley National Park,visiting,VERB,0.113636363636
Kobuk Valley National Park,place,NOUN,0.0909090909091
Kobuk Valley National Park,awesome,ADJ,0.0892857142857
Kobuk Valley National Park,worth,ADJ,0.0877192982456
Kobuk Valley National Park,beautiful,ADJ,0.0862068965517
Kobuk Valley National Park,trip,NOUN,0.0847457627119
Lake Clark National Park,float,VERB,1.0
Lake Clark National Park,hesitate,VERB,0.666666666667
Lake Clark National Park,remote,ADJ,0.461538461538
Lake Clark National Park,alaska,NOUN,0.4
Lake Clark National Park,bears,NOUN,0.25
Lake Clark National Park,recommended,VERB,0.153846153846
Lake Clark National Park,beautiful,ADJ,0.137931034483
Lake Clark National Park,n‚Äôt,NOUN,0.108108108108
Lake Clark National Park,incredible,ADJ,0.078431372549
Lake Clark National Park,wonderful,ADJ,0.0740740740741
Lake Clark National Park,awesome,ADJ,0.0714285714286
Lake Clark National Park,trip,NOUN,0.0677966101695
Lassen Volcanic National Park,bumpass,NOUN,0.31523642732
Lassen Volcanic National Park,volcano,NOUN,0.178633975482
Lassen Volcanic National Park,pots,NOUN,0.105078809107
Lassen Volcanic National Park,helens,VERB,0.105078809107
Lassen Volcanic National Park,boiling,VERB,0.105078809107
Lassen Volcanic National Park,mount,VERB,0.061295971979
Lassen Volcanic National Park,wir,INTJ,0.0525394045534
Lassen Volcanic National Park,unveiling,VERB,0.0525394045534
Lassen Volcanic National Park,suprises,NOUN,0.0525394045534
Lassen Volcanic National Park,sulfur,NOUN,0.0525394045534
Lassen Volcanic National Park,stately,ADJ,0.0525394045534
Lassen Volcanic National Park,stamina,NOUN,0.0525394045534
Lassen Volcanic National Park,spectaclar,ADJ,0.0525394045534
Lassen Volcanic National Park,songbirds,NOUN,0.0525394045534
Lassen Volcanic National Park,snowmelt,NOUN,0.0525394045534
Lassen Volcanic National Park,prospect,NOUN,0.0525394045534
Lassen Volcanic National Park,prize,NOUN,0.0525394045534
Lassen Volcanic National Park,mushpots,NOUN,0.0525394045534
Lassen Volcanic National Park,manzanita,NOUN,0.0525394045534
Lassen Volcanic National Park,lessan,ADJ,0.0525394045534
Lassen Volcanic National Park,lasen,VERB,0.0525394045534
Lassen Volcanic National Park,kitchen,NOUN,0.0525394045534
Lassen Volcanic National Park,jumbled,VERB,0.0525394045534
Lassen Volcanic National Park,gruelling,VERB,0.0525394045534
Lassen Volcanic National Park,gehen,NOUN,0.0525394045534
Mammoth Cave National Park,dripstones,NOUN,0.858093126386
Mammoth Cave National Park,domes,NOUN,0.542128603104
Mammoth Cave National Park,niagara,INTJ,0.272727272727
Mammoth Cave National Park,drips,NOUN,0.146341463415
Mammoth Cave National Park,lantern,NOUN,0.133037694013
Mammoth Cave National Park,caves,NOUN,0.122228381375
Mammoth Cave National Park,violet,NOUN,0.113082039911
Mammoth Cave National Park,tour,NOUN,0.108694626598
Mammoth Cave National Park,avenue,VERB,0.0820399113082
Mammoth Cave National Park,niagra,ADJ,0.079822616408
Mammoth Cave National Park,styx,ADJ,0.0731707317073
Mammoth Cave National Park,dripstone,NOUN,0.0731707317073
Mammoth Cave National Park,frozen,VERB,0.0665188470067
Mammoth Cave National Park,longest,ADJ,0.0643015521064
Mammoth Cave National Park,underground,ADV,0.059866962306
Mammoth Cave National Park,kentucky,VERB,0.059866962306
Mammoth Cave National Park,tours,NOUN,0.059534368071
Mammoth Cave National Park,historic,ADJ,0.0583887657058
Mammoth Cave National Park,great,ADJ,0.0578960335058
Mammoth Cave National Park,onyx,NOUN,0.0532150776053
Mammoth Cave National Park,chamber,NOUN,0.039911308204
Mammoth Cave National Park,stairs,NOUN,0.0332594235033
Mammoth Cave National Park,passage,NOUN,0.0332594235033
Mammoth Cave National Park,nashville,NOUN,0.0332594235033
Mammoth Cave National Park,caving,VERB,0.0319290465632
Mesa Verde National Park,palace,NOUN,0.637393767705
Mesa Verde National Park,dwelling,VERB,0.3611898017
Mesa Verde National Park,dwellings,NOUN,0.339943342776
Mesa Verde National Park,twilight,NOUN,0.308073654391
Mesa Verde National Park,ruins,VERB,0.265580736544
Mesa Verde National Park,cliff,NOUN,0.18059490085
Mesa Verde National Park,pueblo,NOUN,0.106232294618
Mesa Verde National Park,ladder,NOUN,0.106232294618
Mesa Verde National Park,tour,NOUN,0.0980953529022
Mesa Verde National Park,ladders,NOUN,0.0849858356941
Mesa Verde National Park,physically,ADV,0.0637393767705
Mesa Verde National Park,anasazi,ADJ,0.0637393767705
Mesa Verde National Park,amazing,ADJ,0.0584277620397
Mesa Verde National Park,tickets,NOUN,0.0509915014164
Mesa Verde National Park,politically,ADV,0.042492917847
Mesa Verde National Park,culture,NOUN,0.042492917847
Mesa Verde National Park,balcony,NOUN,0.042492917847
Mesa Verde National Park,archeological,ADJ,0.042492917847
Mesa Verde National Park,archaeological,ADJ,0.042492917847
Mesa Verde National Park,ancients,NOUN,0.042492917847
Mesa Verde National Park,great,ADJ,0.0326565942713
Mesa Verde National Park,worth,ADJ,0.0253466527509
Mesa Verde National Park,ancient,ADJ,0.0247875354108
Mesa Verde National Park,ranger,NOUN,0.0224962506249
Mesa Verde National Park,history,NOUN,0.0212464589235
Mount Rainier National Park,ranier,NOUN,0.137733142037
Mount Rainier National Park,seattle,NOUN,0.120516499283
Mount Rainier National Park,beautiful,ADJ,0.072725473705
Mount Rainier National Park,rainer,NOUN,0.0688665710187
Mount Rainier National Park,washington,NOUN,0.06456241033
Mount Rainier National Park,mt.,PUNCT,0.0602582496413
Mount Rainier National Park,mountain,NOUN,0.0588698107095
Mount Rainier National Park,volcano,NOUN,0.0344332855093
Mount Rainier National Park,tacoma,NOUN,0.0344332855093
Mount Rainier National Park,summited,VERB,0.0344332855093
Mount Rainier National Park,strato,NOUN,0.0344332855093
Mount Rainier National Park,reflection,NOUN,0.0344332855093
Mount Rainier National Park,amazing,ADJ,0.032281205165
Mount Rainier National Park,flowers,NOUN,0.0309899569584
Mount Rainier National Park,views,NOUN,0.0286944045911
Mount Rainier National Park,great,ADJ,0.026781444285
Mount Rainier National Park,northwest,ADV,0.026781444285
Mount Rainier National Park,place,NOUN,0.0231642102517
Mount Rainier National Park,skyline,NOUN,0.0206599713056
Mount Rainier National Park,stunning,ADJ,0.0201964463084
Mount Rainier National Park,day,NOUN,0.0200860832138
Mount Rainier National Park,paradise,PROPN,0.0200085307689
Mount Rainier National Park,breathtaking,NOUN,0.0194905389675
Mount Rainier National Park,majestic,ADJ,0.0186125867618
Mount Rainier National Park,trip,NOUN,0.0183838727719
North Cascades National Park,gushing,VERB,0.845070422535
North Cascades National Park,blur,VERB,0.845070422535
North Cascades National Park,alpes,NOUN,0.845070422535
North Cascades National Park,bluest,ADJ,0.281690140845
North Cascades National Park,washington,NOUN,0.211267605634
North Cascades National Park,icy,NOUN,0.211267605634
North Cascades National Park,waterfalls,NOUN,0.130010834236
North Cascades National Park,beautiful,ADJ,0.116561437591
North Cascades National Park,waters,NOUN,0.093896713615
North Cascades National Park,lakes,NOUN,0.0650054171181
North Cascades National Park,hwy,ADJ,0.0650054171181
North Cascades National Park,deep,ADJ,0.049710024855
North Cascades National Park,blue,ADJ,0.049710024855
North Cascades National Park,amazing,ADJ,0.0452716297787
North Cascades National Park,route,NOUN,0.0444773906597
North Cascades National Park,favourite,ADJ,0.0444773906597
North Cascades National Park,underrated,ADJ,0.0422535211268
North Cascades National Park,person,NOUN,0.0422535211268
North Cascades National Park,visited,VERB,0.0393056010481
North Cascades National Park,landscapes,NOUN,0.0352112676056
North Cascades National Park,informative,ADJ,0.0338028169014
North Cascades National Park,exploring,VERB,0.0338028169014
North Cascades National Park,scenery,NOUN,0.031889449907
North Cascades National Park,breathtaking,NOUN,0.031889449907
North Cascades National Park,superb,VERB,0.0312989045383
Olympic National Park,moss,NOUN,0.236779794791
Olympic National Park,hoh,INTJ,0.236779794791
Olympic National Park,rainforest,NOUN,0.220994475138
Olympic National Park,staircase,NOUN,0.189423835833
Olympic National Park,forest,NOUN,0.131305158929
Olympic National Park,rialto,NOUN,0.0947119179163
Olympic National Park,kestner,PUNCT,0.0947119179163
Olympic National Park,kalaloch,NOUN,0.0947119179163
Olympic National Park,flattery,NOUN,0.0947119179163
Olympic National Park,crescent,NOUN,0.0947119179163
Olympic National Park,cape,NOUN,0.0947119179163
Olympic National Park,hurricane,NOUN,0.0631412786109
Olympic National Park,beautiful,ADJ,0.0620526358762
Olympic National Park,washington,NOUN,0.0591949486977
Olympic National Park,yeti,NOUN,0.0473559589582
Olympic National Park,webs,NOUN,0.0473559589582
Olympic National Park,walker,NOUN,0.0473559589582
Olympic National Park,wagon,NOUN,0.0473559589582
Olympic National Park,vandalized,VERB,0.0473559589582
Olympic National Park,umbrella,NOUN,0.0473559589582
Olympic National Park,townsend,VERB,0.0473559589582
Olympic National Park,tovisit,NOUN,0.0473559589582
Olympic National Park,tole,NOUN,0.0473559589582
Olympic National Park,temperate,VERB,0.0473559589582
Olympic National Park,spidery,NOUN,0.0473559589582
Petrified Forest National Park,painted,VERB,0.205685915243
Petrified Forest National Park,i-40,NOUN,0.161357054199
Petrified Forest National Park,logs,NOUN,0.0868845676458
Petrified Forest National Park,wood,NOUN,0.0744724865536
Petrified Forest National Park,desert,NOUN,0.0744724865536
Petrified Forest National Park,beautiful,ADJ,0.0701924585907
Petrified Forest National Park,brush,NOUN,0.0496483243691
Petrified Forest National Park,blah,INTJ,0.0372362432768
Petrified Forest National Park,amazing,ADJ,0.0370145989716
Petrified Forest National Park,colors,NOUN,0.0327678940836
Petrified Forest National Park,colorful,ADJ,0.0257789376532
Petrified Forest National Park,rockhounds,NOUN,0.0248241621845
Petrified Forest National Park,prehistory,NOUN,0.0248241621845
Petrified Forest National Park,painter,NOUN,0.0248241621845
Petrified Forest National Park,muted,VERB,0.0248241621845
Petrified Forest National Park,fossils,NOUN,0.0248241621845
Petrified Forest National Park,flagstaff,VERB,0.0248241621845
Petrified Forest National Park,fer,NOUN,0.0248241621845
Petrified Forest National Park,extravaganza,NOUN,0.0248241621845
Petrified Forest National Park,collections,NOUN,0.0248241621845
Petrified Forest National Park,great,ADJ,0.0239047487703
Petrified Forest National Park,worth,ADJ,0.0228643599068
Petrified Forest National Park,views,NOUN,0.0220659219418
Petrified Forest National Park,mesa,NOUN,0.0217211419115
Petrified Forest National Park,badlands,NOUN,0.0217211419115
Pinnacles National Park,gulch,NOUN,0.386266094421
Pinnacles National Park,condors,NOUN,0.278969957082
Pinnacles National Park,balconies,NOUN,0.128755364807
Pinnacles National Park,newest,ADJ,0.114449213162
Pinnacles National Park,cave,NOUN,0.104230533415
Pinnacles National Park,caves,NOUN,0.0965665236052
Pinnacles National Park,talus,NOUN,0.0858369098712
Pinnacles National Park,reservoir,VERB,0.0858369098712
Pinnacles National Park,entrances,NOUN,0.0858369098712
Pinnacles National Park,condor,NOUN,0.0858369098712
Pinnacles National Park,hike,INTJ,0.0503825340549
Pinnacles National Park,great,ADJ,0.0500715307582
Pinnacles National Park,hiking,VERB,0.0456008583691
Pinnacles National Park,worrh,NOUN,0.0429184549356
Pinnacles National Park,women,NOUN,0.0429184549356
Pinnacles National Park,whim,ADV,0.0429184549356
Pinnacles National Park,torch,NOUN,0.0429184549356
Pinnacles National Park,speaking,VERB,0.0429184549356
Pinnacles National Park,sighted,VERB,0.0429184549356
Pinnacles National Park,sie,NOUN,0.0429184549356
Pinnacles National Park,shoked,VERB,0.0429184549356
Pinnacles National Park,rid,VERB,0.0429184549356
Pinnacles National Park,revoked,VERB,0.0429184549356
Pinnacles National Park,resulted,VERB,0.0429184549356
Pinnacles National Park,remained,VERB,0.0429184549356
Redwood National Park,redwoods,NOUN,0.499075785582
Redwood National Park,trees,NOUN,0.15123508654
Redwood National Park,giants,NOUN,0.147874306839
Redwood National Park,smith,NOUN,0.083179297597
Redwood National Park,tall,ADJ,0.0589186691312
Redwood National Park,stout,VERB,0.0554528650647
Redwood National Park,klamath,X,0.0554528650647
Redwood National Park,jedediah,PROPN,0.0554528650647
Redwood National Park,fern,NOUN,0.0554528650647
Redwood National Park,amazing,ADJ,0.048026142065
Redwood National Park,grove,VERB,0.0415896487985
Redwood National Park,beautiful,ADJ,0.0372872713366
Redwood National Park,sequoia,VERB,0.0369685767098
Redwood National Park,johnson,NOUN,0.0369685767098
Redwood National Park,elk,NOUN,0.0346580406654
Redwood National Park,tree,NOUN,0.0332717190388
Redwood National Park,tallest,ADJ,0.0277264325323
Redwood National Park,wondered,VERB,0.0277264325323
Redwood National Park,wayside,VERB,0.0277264325323
Redwood National Park,valium,NOUN,0.0277264325323
Redwood National Park,universe,NOUN,0.0277264325323
Redwood National Park,undeveloped,ADJ,0.0277264325323
Redwood National Park,tech,NOUN,0.0277264325323
Redwood National Park,suffice,NOUN,0.0277264325323
Redwood National Park,stunnn,VERB,0.0277264325323
Rocky Mountain National Park,rmnp,VERB,0.584415584416
Rocky Mountain National Park,estes,VERB,0.38961038961
Rocky Mountain National Park,moraine,NOUN,0.12987012987
Rocky Mountain National Park,loveland,NOUN,0.12987012987
Rocky Mountain National Park,rockies,NOUN,0.108225108225
Rocky Mountain National Park,denver,NOUN,0.108225108225
Rocky Mountain National Park,beautiful,ADJ,0.077250335871
Rocky Mountain National Park,woodrow,NOUN,0.0649350649351
Rocky Mountain National Park,thiss,VERB,0.0649350649351
Rocky Mountain National Park,take1,NOUN,0.0649350649351
Rocky Mountain National Park,shadowcliff,X,0.0649350649351
Rocky Mountain National Park,nymph,NOUN,0.0649350649351
Rocky Mountain National Park,nostalgic,ADJ,0.0649350649351
Rocky Mountain National Park,mountaineer,NOUN,0.0649350649351
Rocky Mountain National Park,gardners,NOUN,0.0649350649351
Rocky Mountain National Park,footprint,NOUN,0.0649350649351
Rocky Mountain National Park,evans,NOUN,0.0649350649351
Rocky Mountain National Park,divides,NOUN,0.0649350649351
Rocky Mountain National Park,celebrated,VERB,0.0649350649351
Rocky Mountain National Park,bus-,VERB,0.0649350649351
Rocky Mountain National Park,boulder,NOUN,0.0649350649351
Rocky Mountain National Park,biased,VERB,0.0649350649351
Rocky Mountain National Park,altiude,NOUN,0.0649350649351
Rocky Mountain National Park,47th,ADJ,0.0649350649351
Rocky Mountain National Park,mountains,NOUN,0.0446428571429
Saguaro National Park,cactus,NOUN,1.02182011708
Saguaro National Park,saguaros,X,0.862160723789
Saguaro National Park,cacti,NOUN,0.606705694518
Saguaro National Park,sonoran,NOUN,0.351250665247
Saguaro National Park,tucson,NOUN,0.1357104843
Saguaro National Park,rincon,NOUN,0.127727514635
Saguaro National Park,cactuses,NOUN,0.127727514635
Saguaro National Park,desert,NOUN,0.101601432096
Saguaro National Park,saquaro,NOUN,0.0957956359766
Saguaro National Park,wreath,NOUN,0.0638637573177
Saguaro National Park,sonora,NOUN,0.0638637573177
Saguaro National Park,sendero,NOUN,0.0638637573177
Saguaro National Park,saguro,VERB,0.0638637573177
Saguaro National Park,bridal,ADJ,0.0638637573177
Saguaro National Park,unit,NOUN,0.0532197977648
Saguaro National Park,beautiful,ADJ,0.0512011157806
Saguaro National Park,east,ADV,0.0491259671675
Saguaro National Park,great,ADJ,0.0384365206079
Saguaro National Park,west,NOUN,0.0358024094054
Saguaro National Park,zgo,NOUN,0.0319318786589
Saguaro National Park,wren,NOUN,0.0319318786589
Saguaro National Park,wowsa,ADJ,0.0319318786589
Saguaro National Park,whiole,NOUN,0.0319318786589
Saguaro National Park,wasson,NOUN,0.0319318786589
Saguaro National Park,wah,INTJ,0.0319318786589
Sequoia National Park,sequoias,NOUN,0.175824175824
Sequoia National Park,trees,NOUN,0.173826173826
Sequoia National Park,yaaaassss,VERB,0.131868131868
Sequoia National Park,whitney,NOUN,0.131868131868
Sequoia National Park,vives,NOUN,0.131868131868
Sequoia National Park,stepsister,NOUN,0.131868131868
Sequoia National Park,mohammed,VERB,0.131868131868
Sequoia National Park,kings,NOUN,0.131868131868
Sequoia National Park,integral,ADJ,0.131868131868
Sequoia National Park,hospital,NOUN,0.131868131868
Sequoia National Park,hooley,NOUN,0.131868131868
Sequoia National Park,generals,NOUN,0.131868131868
Sequoia National Park,dose,NOUN,0.131868131868
Sequoia National Park,dooley,NOUN,0.131868131868
Sequoia National Park,dinosour,NOUN,0.131868131868
Sequoia National Park,christ,NOUN,0.131868131868
Sequoia National Park,buddha,NOUN,0.131868131868
Sequoia National Park,beers,NOUN,0.131868131868
Sequoia National Park,source,NOUN,0.0659340659341
Sequoia National Park,sherman,NOUN,0.0659340659341
Sequoia National Park,redwoods,NOUN,0.0659340659341
Sequoia National Park,rater,NOUN,0.0659340659341
Sequoia National Park,pas,INTJ,0.0659340659341
Sequoia National Park,notes,NOUN,0.0659340659341
Sequoia National Park,jesus,PROPN,0.0659340659341
Shenandoah National Park,thompson,NOUN,0.481927710843
Shenandoah National Park,woodstone,VERB,0.240963855422
Shenandoah National Park,vineyards,NOUN,0.240963855422
Shenandoah National Park,recalling,VERB,0.240963855422
Shenandoah National Park,parkway,NOUN,0.240963855422
Shenandoah National Park,massanutten,VERB,0.240963855422
Shenandoah National Park,i-81,PROPN,0.240963855422
Shenandoah National Park,hollow,ADJ,0.240963855422
Shenandoah National Park,flea,NOUN,0.240963855422
Shenandoah National Park,confederacy,NOUN,0.240963855422
Shenandoah National Park,breadbasket,NOUN,0.240963855422
Shenandoah National Park,blame,NOUN,0.240963855422
Shenandoah National Park,bladder,NOUN,0.240963855422
Shenandoah National Park,bentonville,NOUN,0.240963855422
Shenandoah National Park,skyline,NOUN,0.144578313253
Shenandoah National Park,valley,NOUN,0.133868808568
Shenandoah National Park,virginia,NOUN,0.120481927711
Shenandoah National Park,trippin,NOUN,0.120481927711
Shenandoah National Park,pike,NOUN,0.120481927711
Shenandoah National Park,music,NOUN,0.120481927711
Shenandoah National Park,market,NOUN,0.120481927711
Shenandoah National Park,luray,INTJ,0.120481927711
Shenandoah National Park,grass,NOUN,0.120481927711
Shenandoah National Park,beautiful,ADJ,0.0830909846282
Shenandoah National Park,tank,NOUN,0.0803212851406
Theodore Roosevelt National Park,badlands,NOUN,0.281275113849
Theodore Roosevelt National Park,dakota,VERB,0.267881060809
Theodore Roosevelt National Park,bison,NOUN,0.180016072864
Theodore Roosevelt National Park,teddy,NOUN,0.176801500134
Theodore Roosevelt National Park,horses,NOUN,0.176801500134
Theodore Roosevelt National Park,trnp,NOUN,0.160728636485
Theodore Roosevelt National Park,medora,NOUN,0.160728636485
Theodore Roosevelt National Park,unit,NOUN,0.150013394053
Theodore Roosevelt National Park,prairie,NOUN,0.0964371818912
Theodore Roosevelt National Park,buffalo,NOUN,0.0823734261988
Theodore Roosevelt National Park,bully,ADV,0.0803643182427
Theodore Roosevelt National Park,beautiful,ADJ,0.0701109397083
Theodore Roosevelt National Park,roam,NOUN,0.0642914545942
Theodore Roosevelt National Park,buffalos,ADV,0.0562550227699
Theodore Roosevelt National Park,wildlife,NOUN,0.0554236677536
Theodore Roosevelt National Park,great,ADJ,0.0505997559306
Theodore Roosevelt National Park,north,NOUN,0.0436263441889
Theodore Roosevelt National Park,units,NOUN,0.0375033485133
Theodore Roosevelt National Park,animals,NOUN,0.0367379740538
Theodore Roosevelt National Park,tail,NOUN,0.0321457272971
Theodore Roosevelt National Park,prarie,NOUN,0.0321457272971
Theodore Roosevelt National Park,mustangs,NOUN,0.0321457272971
Theodore Roosevelt National Park,boom,NOUN,0.0321457272971
Theodore Roosevelt National Park,bismarck,NOUN,0.0321457272971
Theodore Roosevelt National Park,birthplace,NOUN,0.0321457272971
Virgin Islands National Park,trunk,NOUN,1.67441860465
Virgin Islands National Park,snorkeling,NOUN,0.941860465116
Virgin Islands National Park,snorkel,NOUN,0.523255813953
Virgin Islands National Park,underwater,ADV,0.418604651163
Virgin Islands National Park,snorkelers,NOUN,0.348837209302
Virgin Islands National Park,bay,NOUN,0.153488372093
Virgin Islands National Park,updating,VERB,0.139534883721
Virgin Islands National Park,teach,VERB,0.139534883721
Virgin Islands National Park,squid,ADJ,0.139534883721
Virgin Islands National Park,rope,NOUN,0.139534883721
Virgin Islands National Park,plaques,NOUN,0.139534883721
Virgin Islands National Park,overutilization,NOUN,0.139534883721
Virgin Islands National Park,oversnorkelled,VERB,0.139534883721
Virgin Islands National Park,opleasant,NOUN,0.139534883721
Virgin Islands National Park,novices,NOUN,0.139534883721
Virgin Islands National Park,newbies,NOUN,0.139534883721
Virgin Islands National Park,execution,NOUN,0.139534883721
Virgin Islands National Park,diminished,VERB,0.139534883721
Virgin Islands National Park,damaging,VERB,0.139534883721
Virgin Islands National Park,coral,ADJ,0.139534883721
Virgin Islands National Park,confidence,NOUN,0.139534883721
Virgin Islands National Park,fish,VERB,0.119601328904
Virgin Islands National Park,beginners,NOUN,0.111627906977
Virgin Islands National Park,beach,NOUN,0.101479915433
Virgin Islands National Park,john,PROPN,0.0797342192691
Voyageurs National Park,hopping,VERB,0.9375
Voyageurs National Park,boating,VERB,0.375
Voyageurs National Park,secluded,VERB,0.267857142857
Voyageurs National Park,fishing,NOUN,0.1875
Voyageurs National Park,island,NOUN,0.133928571429
Voyageurs National Park,beautiful,ADJ,0.0969827586207
Voyageurs National Park,remember,VERB,0.0892857142857
Voyageurs National Park,sky,NOUN,0.0852272727273
Voyageurs National Park,love,NOUN,0.0735294117647
Voyageurs National Park,peace,NOUN,0.0694444444444
Voyageurs National Park,nps,NOUN,0.0694444444444
Voyageurs National Park,vast,ADJ,0.0646551724138
Voyageurs National Park,night,NOUN,0.0646551724138
Voyageurs National Park,jewel,NOUN,0.0535714285714
Voyageurs National Park,water,NOUN,0.0506756756757
Voyageurs National Park,quiet,ADJ,0.0480769230769
Voyageurs National Park,check,VERB,0.046875
Voyageurs National Park,camping,NOUN,0.0457317073171
Voyageurs National Park,bucket,NOUN,0.0446428571429
Voyageurs National Park,list,NOUN,0.0426136363636
Voyageurs National Park,tour,NOUN,0.0398936170213
Voyageurs National Park,unique,ADJ,0.0382653061224
Voyageurs National Park,treasure,NOUN,0.0382653061224
Voyageurs National Park,nature,NOUN,0.0367647058824
Voyageurs National Park,scenery,NOUN,0.0353773584906
Wind Cave National Park,boxwork,NOUN,0.441501103753
Wind Cave National Park,candlelight,INTJ,0.176600441501
Wind Cave National Park,caves,NOUN,0.16004415011
Wind Cave National Park,tour,NOUN,0.123996054671
Wind Cave National Park,prairie,NOUN,0.110375275938
Wind Cave National Park,underneath,ADV,0.0883002207506
Wind Cave National Park,bison,NOUN,0.0794701986755
Wind Cave National Park,underground,ADV,0.0662251655629
Wind Cave National Park,great,ADJ,0.0515084621045
Wind Cave National Park,interesting,ADJ,0.0460696803916
Wind Cave National Park,went-,X,0.0441501103753
Wind Cave National Park,vastnes,NOUN,0.0441501103753
Wind Cave National Park,updated,VERB,0.0441501103753
Wind Cave National Park,uninspired,ADJ,0.0441501103753
Wind Cave National Park,traditional,ADJ,0.0441501103753
Wind Cave National Park,timings,NOUN,0.0441501103753
Wind Cave National Park,tad,NOUN,0.0441501103753
Wind Cave National Park,surprizingly,ADV,0.0441501103753
Wind Cave National Park,stalagmites,NOUN,0.0441501103753
Wind Cave National Park,sheena,NOUN,0.0441501103753
Wind Cave National Park,seventy,NUM,0.0441501103753
Wind Cave National Park,rushmore,VERB,0.0441501103753
Wind Cave National Park,rounded,VERB,0.0441501103753
Wind Cave National Park,process,NOUN,0.0441501103753
Wind Cave National Park,persons,NOUN,0.0441501103753
Wrangell - St Elias National Park,wrangle,NOUN,0.235294117647
Wrangell - St Elias National Park,valuable,ADJ,0.235294117647
Wrangell - St Elias National Park,sparce,NOUN,0.235294117647
Wrangell - St Elias National Park,orientation,NOUN,0.235294117647
Wrangell - St Elias National Park,motivated,VERB,0.235294117647
Wrangell - St Elias National Park,mccarthy,ADJ,0.235294117647
Wrangell - St Elias National Park,astonish,ADJ,0.235294117647
Wrangell - St Elias National Park,als,NOUN,0.235294117647
Wrangell - St Elias National Park,ahtna,ADV,0.235294117647
Wrangell - St Elias National Park,accidental,ADJ,0.235294117647
Wrangell - St Elias National Park,center,NOUN,0.14479638009
Wrangell - St Elias National Park,visitor,NOUN,0.123839009288
Wrangell - St Elias National Park,insight,NOUN,0.117647058824
Wrangell - St Elias National Park,denali,ADJ,0.117647058824
Wrangell - St Elias National Park,alaska,NOUN,0.117647058824
Wrangell - St Elias National Park,preserve,VERB,0.078431372549
Wrangell - St Elias National Park,great,ADJ,0.0740740740741
Wrangell - St Elias National Park,movie,NOUN,0.0588235294118
Wrangell - St Elias National Park,alternative,NOUN,0.0588235294118
Wrangell - St Elias National Park,stop,VERB,0.0507497116494
Wrangell - St Elias National Park,gateway,NOUN,0.0470588235294
Wrangell - St Elias National Park,feelings,NOUN,0.0470588235294
Wrangell - St Elias National Park,exhibits,NOUN,0.0470588235294
Wrangell - St Elias National Park,entering,VERB,0.0470588235294
Wrangell - St Elias National Park,cultural,ADJ,0.0470588235294
Yellowstone National Park,geysers,NOUN,0.247320692498
Yellowstone National Park,faithful,ADJ,0.222588623248
Yellowstone National Park,teton,INTJ,0.197856553998
Yellowstone National Park,ynp,INTJ,0.0741962077494
Yellowstone National Park,thermal,ADJ,0.0741962077494
Yellowstone National Park,bison,NOUN,0.0692497938994
Yellowstone National Park,springs,NOUN,0.0494641384996
Yellowstone National Park,geyser,NOUN,0.0494641384996
Yellowstone National Park,amazing,ADJ,0.0446060534684
Yellowstone National Park,beautiful,ADJ,0.0443471586548
Yellowstone National Park,wyoming,VERB,0.0370981038747
Yellowstone National Park,geothermal,ADJ,0.0370981038747
Yellowstone National Park,place,NOUN,0.0328262010043
Yellowstone National Park,visit,VERB,0.028779135127
Yellowstone National Park,bucket,NOUN,0.0276763632081
Yellowstone National Park,list,NOUN,0.0269804391816
Yellowstone National Park,best,ADJ,0.026057001531
Yellowstone National Park,ysp,INTJ,0.0247320692498
Yellowstone National Park,yellowstones,NOUN,0.0247320692498
Yellowstone National Park,yea,INTJ,0.0247320692498
Yellowstone National Park,wintet,VERB,0.0247320692498
Yellowstone National Park,winterwonderland,NOUN,0.0247320692498
Yellowstone National Park,wantbreward,NOUN,0.0247320692498
Yellowstone National Park,variations,NOUN,0.0247320692498
Yellowstone National Park,unruly,ADJ,0.0247320692498
Yosemite National Park,valley,NOUN,0.092073790098
Yosemite National Park,beautiful,ADJ,0.0618269455658
Yosemite National Park,merced,VERB,0.041285756414
Yosemite National Park,place,NOUN,0.0356022626739
Yosemite National Park,curry,VERB,0.035387791212
Yosemite National Park,amazing,ADJ,0.0314909213464
Yosemite National Park,granite,NOUN,0.0275238376094
Yosemite National Park,floor,NOUN,0.0271306399292
Yosemite National Park,vally,ADV,0.023591860808
Yosemite National Park,capitan,NOUN,0.023591860808
Yosemite National Park,views,NOUN,0.0226088666077
Yosemite National Park,stunning,ADJ,0.0208697230225
Yosemite National Park,ansel,NOUN,0.020642878207
Yosemite National Park,adams,NOUN,0.020642878207
Yosemite National Park,crowded,VERB,0.0201772493753
Yosemite National Park,san,X,0.0191683869065
Yosemite National Park,great,ADJ,0.0191137761176
Yosemite National Park,waterfalls,NOUN,0.0190549644988
Yosemite National Park,popularity,NOUN,0.017693895606
Yosemite National Park,chains,NOUN,0.017693895606
Yosemite National Park,francisco,NOUN,0.017693895606
Yosemite National Park,nature,NOUN,0.0161904927114
Yosemite National Park,drought,NOUN,0.0157279072053
Yosemite National Park,awesome,ADJ,0.0156928002696
Yosemite National Park,visit,VERB,0.0154419452562
Zion National Park,narrows,NOUN,0.317220543807
Zion National Park,subway,NOUN,0.0906344410876
Zion National Park,canyon,NOUN,0.0690548122572
Zion National Park,zions,NOUN,0.0679758308157
Zion National Park,kolob,X,0.0679758308157
Zion National Park,utah,ADJ,0.058264997842
Zion National Park,beautiful,ADJ,0.0539118658194
Zion National Park,george,X,0.0453172205438
Zion National Park,angels,NOUN,0.0453172205438
Zion National Park,shuttle,NOUN,0.0415407854985
Zion National Park,springdale,NOUN,0.0339879154079
Zion National Park,great,ADJ,0.0318898959382
Zion National Park,amazing,ADJ,0.0315602071644
Zion National Park,place,NOUN,0.0263663828619
Zion National Park,ziontastic,ADJ,0.0226586102719
Zion National Park,zion-,X,0.0226586102719
Zion National Park,worshipful,ADJ,0.0226586102719
Zion National Park,wating,VERB,0.0226586102719
Zion National Park,watchman,NOUN,0.0226586102719
Zion National Park,warping,VERB,0.0226586102719
Zion National Park,variey,NOUN,0.0226586102719
Zion National Park,underated,VERB,0.0226586102719
Zion National Park,uncomplicate,ADJ,0.0226586102719
Zion National Park,triumphs,NOUN,0.0226586102719
Zion National Park,thursday,NOUN,0.0226586102719
