park,review_year,user_rating,rating_count,vote_count
Acadia National Park,2017,2,1,82
Acadia National Park,2017,3,3,122
Acadia National Park,2017,4,15,1134
Acadia National Park,2017,5,223,12623
Acadia National Park,2018,1,1,2
Acadia National Park,2018,3,10,604
Acadia National Park,2018,4,63,3289
Acadia National Park,2018,5,722,30894
Acadia National Park,2019,1,2,13
Acadia National Park,2019,2,4,146
Acadia National Park,2019,3,10,330
Acadia National Park,2019,4,49,2941
Acadia National Park,2019,5,439,20250
Arches National Park,2013,5,1,254
Arches National Park,2014,5,2,40
Arches National Park,2015,2,1,8
Arches National Park,2015,3,4,125
Arches National Park,2015,4,59,2888
Arches National Park,2015,5,589,28818
Arches National Park,2016,1,7,59
Arches National Park,2016,2,9,687
Arches National Park,2016,3,42,1655
Arches National Park,2016,4,238,9316
Arches National Park,2016,5,2500,97037
Arches National Park,2017,1,4,182
Arches National Park,2017,2,8,177
Arches National Park,2017,3,61,2020
Arches National Park,2017,4,291,14364
Arches National Park,2017,5,1931,90258
Arches National Park,2018,1,4,24
Arches National Park,2018,2,4,98
Arches National Park,2018,3,20,1148
Arches National Park,2018,4,140,6153
Arches National Park,2018,5,1424,148650
Arches National Park,2019,1,1,257
Arches National Park,2019,2,3,324
Arches National Park,2019,3,15,674
Arches National Park,2019,4,66,2913
Arches National Park,2019,5,983,39400
Badlands National Park,2016,2,1,0
Badlands National Park,2016,3,5,183
Badlands National Park,2016,4,27,3028
Badlands National Park,2016,5,155,6817
Badlands National Park,2017,3,3,82
Badlands National Park,2017,4,28,1567
Badlands National Park,2017,5,178,10337
Badlands National Park,2018,4,19,1812
Badlands National Park,2018,5,210,13094
Badlands National Park,2019,1,1,8
Badlands National Park,2019,4,25,6971
Badlands National Park,2019,5,141,7317
Carlsbad Caverns National Park,2009,5,2,66
Carlsbad Caverns National Park,2010,5,9,466
Carlsbad Caverns National Park,2011,3,1,284
Carlsbad Caverns National Park,2011,5,20,2453
Carlsbad Caverns National Park,2012,3,1,4
Carlsbad Caverns National Park,2012,4,15,728
Carlsbad Caverns National Park,2012,5,71,6816
Carlsbad Caverns National Park,2013,2,1,141
Carlsbad Caverns National Park,2013,4,12,1249
Carlsbad Caverns National Park,2013,5,74,6256
Carlsbad Caverns National Park,2014,3,1,12
Carlsbad Caverns National Park,2014,4,10,491
Carlsbad Caverns National Park,2014,5,84,5489
Carlsbad Caverns National Park,2015,2,1,43
Carlsbad Caverns National Park,2015,3,1,136
Carlsbad Caverns National Park,2015,4,17,965
Carlsbad Caverns National Park,2015,5,137,11477
Carlsbad Caverns National Park,2016,3,1,122
Carlsbad Caverns National Park,2016,4,14,809
Carlsbad Caverns National Park,2016,5,124,8114
Carlsbad Caverns National Park,2017,4,9,806
Carlsbad Caverns National Park,2017,5,130,16521
Carlsbad Caverns National Park,2018,4,7,1031
Carlsbad Caverns National Park,2018,5,81,8151
Carlsbad Caverns National Park,2019,3,1,109
Carlsbad Caverns National Park,2019,4,4,56
Carlsbad Caverns National Park,2019,5,52,3916
Biscayne National Park,2011,3,1,50
Biscayne National Park,2011,4,1,262
Biscayne National Park,2011,5,2,73
Biscayne National Park,2012,4,5,533
Biscayne National Park,2012,5,5,297
Biscayne National Park,2013,3,2,230
Biscayne National Park,2013,4,1,159
Biscayne National Park,2013,5,5,494
Biscayne National Park,2014,1,1,11
Biscayne National Park,2014,2,2,588
Biscayne National Park,2014,3,6,283
Biscayne National Park,2014,4,12,1945
Biscayne National Park,2014,5,11,2067
Biscayne National Park,2015,2,4,313
Biscayne National Park,2015,3,7,644
Biscayne National Park,2015,4,12,1572
Biscayne National Park,2015,5,12,593
Biscayne National Park,2016,2,2,34
Biscayne National Park,2016,3,9,515
Biscayne National Park,2016,4,21,3954
Biscayne National Park,2016,5,41,2230
Biscayne National Park,2017,2,2,654
Biscayne National Park,2017,3,6,264
Biscayne National Park,2017,4,11,727
Biscayne National Park,2017,5,44,2057
Biscayne National Park,2018,2,1,14
Biscayne National Park,2018,3,1,6
Biscayne National Park,2018,4,18,3367
Biscayne National Park,2018,5,45,4014
Biscayne National Park,2019,2,1,13
Biscayne National Park,2019,3,3,217
Biscayne National Park,2019,4,14,646
Biscayne National Park,2019,5,40,2211
Black Canyon Of The Gunnison National Park,2003,5,1,52
Black Canyon Of The Gunnison National Park,2005,5,1,227
Black Canyon Of The Gunnison National Park,2007,5,1,47
Black Canyon Of The Gunnison National Park,2008,4,2,337
Black Canyon Of The Gunnison National Park,2008,5,1,16
Black Canyon Of The Gunnison National Park,2009,4,2,56
Black Canyon Of The Gunnison National Park,2009,5,1,2
Black Canyon Of The Gunnison National Park,2010,4,2,47
Black Canyon Of The Gunnison National Park,2010,5,5,301
Black Canyon Of The Gunnison National Park,2011,4,6,205
Black Canyon Of The Gunnison National Park,2011,5,17,1903
Black Canyon Of The Gunnison National Park,2012,4,13,1093
Black Canyon Of The Gunnison National Park,2012,5,69,4686
Black Canyon Of The Gunnison National Park,2013,1,2,178
Black Canyon Of The Gunnison National Park,2013,3,2,89
Black Canyon Of The Gunnison National Park,2013,4,7,478
Black Canyon Of The Gunnison National Park,2013,5,67,4005
Black Canyon Of The Gunnison National Park,2014,3,2,141
Black Canyon Of The Gunnison National Park,2014,4,17,2924
Black Canyon Of The Gunnison National Park,2014,5,81,6366
Black Canyon Of The Gunnison National Park,2015,2,1,127
Black Canyon Of The Gunnison National Park,2015,3,3,226
Black Canyon Of The Gunnison National Park,2015,4,27,2555
Black Canyon Of The Gunnison National Park,2015,5,131,11732
Black Canyon Of The Gunnison National Park,2016,3,2,153
Black Canyon Of The Gunnison National Park,2016,4,24,1708
Black Canyon Of The Gunnison National Park,2016,5,106,7948
Black Canyon Of The Gunnison National Park,2017,3,1,111
Black Canyon Of The Gunnison National Park,2017,4,10,467
Black Canyon Of The Gunnison National Park,2017,5,92,12196
Black Canyon Of The Gunnison National Park,2018,1,1,86
Black Canyon Of The Gunnison National Park,2018,4,7,1294
Black Canyon Of The Gunnison National Park,2018,5,83,8130
Black Canyon Of The Gunnison National Park,2019,4,17,1770
Black Canyon Of The Gunnison National Park,2019,5,72,10503
Katmai National Park,2001,5,1,0
Katmai National Park,2006,5,2,24
Katmai National Park,2008,5,1,18
Katmai National Park,2010,5,3,173
Katmai National Park,2011,4,1,20
Katmai National Park,2011,5,5,330
Katmai National Park,2012,5,16,771
Katmai National Park,2013,4,1,30
Katmai National Park,2013,5,22,2016
Katmai National Park,2014,2,2,40
Katmai National Park,2014,3,1,32
Katmai National Park,2014,4,6,615
Katmai National Park,2014,5,33,2053
Katmai National Park,2015,4,3,250
Katmai National Park,2015,5,39,1565
Katmai National Park,2016,2,1,81
Katmai National Park,2016,3,1,11
Katmai National Park,2016,5,39,1842
Katmai National Park,2017,4,1,76
Katmai National Park,2017,5,29,1604
Katmai National Park,2018,3,1,11
Katmai National Park,2018,4,1,4
Katmai National Park,2018,5,30,4266
Katmai National Park,2019,3,1,10
Katmai National Park,2019,4,1,63
Katmai National Park,2019,5,26,1464
Bryce Canyon National Park,2010,4,2,206
Bryce Canyon National Park,2010,5,10,560
Bryce Canyon National Park,2011,4,10,1058
Bryce Canyon National Park,2011,5,115,8984
Bryce Canyon National Park,2012,3,2,35
Bryce Canyon National Park,2012,4,20,1099
Bryce Canyon National Park,2012,5,259,22633
Bryce Canyon National Park,2013,1,1,169
Bryce Canyon National Park,2013,3,4,445
Bryce Canyon National Park,2013,4,40,3098
Bryce Canyon National Park,2013,5,463,47933
Bryce Canyon National Park,2014,2,1,4
Bryce Canyon National Park,2014,3,6,202
Bryce Canyon National Park,2014,4,48,4722
Bryce Canyon National Park,2014,5,674,50643
Bryce Canyon National Park,2015,1,1,35
Bryce Canyon National Park,2015,2,3,101
Bryce Canyon National Park,2015,3,8,303
Bryce Canyon National Park,2015,4,94,6279
Bryce Canyon National Park,2015,5,1012,70891
Bryce Canyon National Park,2016,2,2,307
Bryce Canyon National Park,2016,3,13,1127
Bryce Canyon National Park,2016,4,89,5497
Bryce Canyon National Park,2016,5,964,62021
Bryce Canyon National Park,2017,1,1,16
Bryce Canyon National Park,2017,2,1,63
Bryce Canyon National Park,2017,3,8,362
Bryce Canyon National Park,2017,4,48,4286
Bryce Canyon National Park,2017,5,781,68219
Bryce Canyon National Park,2018,2,4,346
Bryce Canyon National Park,2018,3,4,278
Bryce Canyon National Park,2018,4,47,5923
Bryce Canyon National Park,2018,5,715,134920
Bryce Canyon National Park,2019,1,1,29
Bryce Canyon National Park,2019,2,1,18
Bryce Canyon National Park,2019,3,5,107
Bryce Canyon National Park,2019,4,25,2474
Bryce Canyon National Park,2019,5,420,23107
Canyonlands National Park,2015,4,1,6
Canyonlands National Park,2015,5,22,1251
Canyonlands National Park,2016,1,3,102
Canyonlands National Park,2016,2,4,261
Canyonlands National Park,2016,3,40,2525
Canyonlands National Park,2016,4,174,8896
Canyonlands National Park,2016,5,673,38149
Canyonlands National Park,2017,1,1,78
Canyonlands National Park,2017,2,4,66
Canyonlands National Park,2017,3,28,1761
Canyonlands National Park,2017,4,144,13341
Canyonlands National Park,2017,5,697,54472
Canyonlands National Park,2018,1,1,257
Canyonlands National Park,2018,2,1,12
Canyonlands National Park,2018,3,23,1512
Canyonlands National Park,2018,4,123,7603
Canyonlands National Park,2018,5,516,116579
Canyonlands National Park,2019,1,1,29
Canyonlands National Park,2019,2,1,19
Canyonlands National Park,2019,3,9,226
Canyonlands National Park,2019,4,59,4322
Canyonlands National Park,2019,5,337,17807
Capitol Reef National Park,2006,4,1,70
Capitol Reef National Park,2007,5,1,158
Capitol Reef National Park,2008,4,1,128
Capitol Reef National Park,2008,5,3,671
Capitol Reef National Park,2009,2,1,25
Capitol Reef National Park,2009,3,1,61
Capitol Reef National Park,2009,4,1,272
Capitol Reef National Park,2009,5,3,646
Capitol Reef National Park,2010,4,1,459
Capitol Reef National Park,2010,5,5,225
Capitol Reef National Park,2011,4,12,1713
Capitol Reef National Park,2011,5,16,1238
Capitol Reef National Park,2012,3,3,219
Capitol Reef National Park,2012,4,28,2781
Capitol Reef National Park,2012,5,54,4721
Capitol Reef National Park,2013,3,5,584
Capitol Reef National Park,2013,4,12,2360
Capitol Reef National Park,2013,5,74,13216
Capitol Reef National Park,2014,3,8,456
Capitol Reef National Park,2014,4,20,4086
Capitol Reef National Park,2014,5,93,8332
Capitol Reef National Park,2015,2,2,177
Capitol Reef National Park,2015,3,4,248
Capitol Reef National Park,2015,4,44,4215
Capitol Reef National Park,2015,5,154,16842
Capitol Reef National Park,2016,2,2,164
Capitol Reef National Park,2016,3,10,941
Capitol Reef National Park,2016,4,44,5841
Capitol Reef National Park,2016,5,209,16920
Capitol Reef National Park,2017,3,10,1406
Capitol Reef National Park,2017,4,38,4918
Capitol Reef National Park,2017,5,169,33046
Capitol Reef National Park,2018,3,2,489
Capitol Reef National Park,2018,4,34,4982
Capitol Reef National Park,2018,5,141,101491
Capitol Reef National Park,2019,1,1,3
Capitol Reef National Park,2019,3,4,102
Capitol Reef National Park,2019,4,14,1394
Capitol Reef National Park,2019,5,105,8336
Big Bend National Park,2008,5,2,137
Big Bend National Park,2011,5,3,268
Big Bend National Park,2012,3,1,41
Big Bend National Park,2012,4,4,152
Big Bend National Park,2012,5,12,679
Big Bend National Park,2013,4,4,273
Big Bend National Park,2013,5,24,1088
Big Bend National Park,2014,4,1,42
Big Bend National Park,2014,5,26,3651
Big Bend National Park,2015,4,7,183
Big Bend National Park,2015,5,60,5537
Big Bend National Park,2016,3,1,250
Big Bend National Park,2016,4,3,722
Big Bend National Park,2016,5,47,4587
Big Bend National Park,2017,4,5,680
Big Bend National Park,2017,5,38,6120
Big Bend National Park,2018,3,1,149
Big Bend National Park,2018,4,4,623
Big Bend National Park,2018,5,28,2103
Big Bend National Park,2019,5,24,2213
Mesa Verde National Park,2004,4,1,44
Mesa Verde National Park,2004,5,1,239
Mesa Verde National Park,2006,5,1,233
Mesa Verde National Park,2007,4,1,42
Mesa Verde National Park,2007,5,2,122
Mesa Verde National Park,2009,5,6,747
Mesa Verde National Park,2010,3,1,19
Mesa Verde National Park,2010,5,7,1940
Mesa Verde National Park,2011,2,1,74
Mesa Verde National Park,2011,3,2,70
Mesa Verde National Park,2011,4,3,341
Mesa Verde National Park,2011,5,39,2958
Mesa Verde National Park,2012,3,1,56
Mesa Verde National Park,2012,4,13,972
Mesa Verde National Park,2012,5,74,6753
Mesa Verde National Park,2013,4,10,727
Mesa Verde National Park,2013,5,82,7115
Mesa Verde National Park,2014,3,3,402
Mesa Verde National Park,2014,4,11,904
Mesa Verde National Park,2014,5,96,10117
Mesa Verde National Park,2015,3,4,174
Mesa Verde National Park,2015,4,19,1475
Mesa Verde National Park,2015,5,184,14563
Mesa Verde National Park,2016,2,3,19
Mesa Verde National Park,2016,3,7,199
Mesa Verde National Park,2016,4,29,2009
Mesa Verde National Park,2016,5,201,14802
Mesa Verde National Park,2017,4,20,2050
Mesa Verde National Park,2017,5,167,12678
Mesa Verde National Park,2018,1,1,23
Mesa Verde National Park,2018,2,3,69
Mesa Verde National Park,2018,3,1,35
Mesa Verde National Park,2018,4,18,2743
Mesa Verde National Park,2018,5,139,9889
Mesa Verde National Park,2019,1,1,19
Mesa Verde National Park,2019,3,1,3
Mesa Verde National Park,2019,4,6,336
Mesa Verde National Park,2019,5,102,10615
Congaree National Park,2007,5,1,447
Congaree National Park,2008,4,1,34
Congaree National Park,2009,4,1,61
Congaree National Park,2011,4,4,993
Congaree National Park,2011,5,4,158
Congaree National Park,2012,3,5,454
Congaree National Park,2012,4,11,754
Congaree National Park,2012,5,37,1770
Congaree National Park,2013,2,1,159
Congaree National Park,2013,3,2,137
Congaree National Park,2013,4,16,1185
Congaree National Park,2013,5,16,2032
Congaree National Park,2014,2,1,839
Congaree National Park,2014,3,7,584
Congaree National Park,2014,4,15,1956
Congaree National Park,2014,5,25,3495
Congaree National Park,2015,1,1,9
Congaree National Park,2015,2,3,111
Congaree National Park,2015,3,8,497
Congaree National Park,2015,4,23,2294
Congaree National Park,2015,5,27,1694
Congaree National Park,2016,3,8,848
Congaree National Park,2016,4,20,1851
Congaree National Park,2016,5,46,5559
Congaree National Park,2017,2,3,736
Congaree National Park,2017,3,3,103
Congaree National Park,2017,4,17,2686
Congaree National Park,2017,5,57,4056
Congaree National Park,2018,1,1,5
Congaree National Park,2018,3,5,1111
Congaree National Park,2018,4,18,3865
Congaree National Park,2018,5,45,2971
Congaree National Park,2019,1,3,0
Congaree National Park,2019,3,1,198
Congaree National Park,2019,4,17,1180
Congaree National Park,2019,5,46,7142
Crater Lake National Park,2004,5,1,11
Crater Lake National Park,2006,5,1,70
Crater Lake National Park,2007,5,3,788
Crater Lake National Park,2008,4,5,937
Crater Lake National Park,2008,5,5,448
Crater Lake National Park,2009,3,1,8
Crater Lake National Park,2009,4,2,3
Crater Lake National Park,2009,5,14,673
Crater Lake National Park,2010,4,3,91
Crater Lake National Park,2010,5,14,660
Crater Lake National Park,2011,1,1,10
Crater Lake National Park,2011,3,4,148
Crater Lake National Park,2011,4,11,1037
Crater Lake National Park,2011,5,56,4409
Crater Lake National Park,2012,1,2,212
Crater Lake National Park,2012,2,1,18
Crater Lake National Park,2012,3,5,318
Crater Lake National Park,2012,4,29,1447
Crater Lake National Park,2012,5,225,15339
Crater Lake National Park,2013,1,2,30
Crater Lake National Park,2013,2,1,16
Crater Lake National Park,2013,3,3,188
Crater Lake National Park,2013,4,26,1451
Crater Lake National Park,2013,5,239,16664
Crater Lake National Park,2014,1,1,153
Crater Lake National Park,2014,3,5,319
Crater Lake National Park,2014,4,36,2221
Crater Lake National Park,2014,5,291,20604
Crater Lake National Park,2015,1,2,50
Crater Lake National Park,2015,2,2,81
Crater Lake National Park,2015,3,10,394
Crater Lake National Park,2015,4,40,2041
Crater Lake National Park,2015,5,433,30248
Crater Lake National Park,2016,1,1,4
Crater Lake National Park,2016,2,1,9
Crater Lake National Park,2016,3,3,138
Crater Lake National Park,2016,4,46,4900
Crater Lake National Park,2016,5,403,24538
Crater Lake National Park,2017,1,6,219
Crater Lake National Park,2017,2,6,227
Crater Lake National Park,2017,3,7,527
Crater Lake National Park,2017,4,46,3765
Crater Lake National Park,2017,5,300,19072
Crater Lake National Park,2018,2,1,6
Crater Lake National Park,2018,3,11,462
Crater Lake National Park,2018,4,18,1491
Crater Lake National Park,2018,5,234,16377
Crater Lake National Park,2019,1,1,2
Crater Lake National Park,2019,3,2,33
Crater Lake National Park,2019,4,18,3711
Crater Lake National Park,2019,5,166,11797
Cuyahoga Valley National Park,2005,1,1,276
Cuyahoga Valley National Park,2007,2,1,131
Cuyahoga Valley National Park,2009,1,1,30
Cuyahoga Valley National Park,2010,3,2,415
Cuyahoga Valley National Park,2010,4,1,4
Cuyahoga Valley National Park,2011,2,1,151
Cuyahoga Valley National Park,2011,3,3,254
Cuyahoga Valley National Park,2011,4,5,406
Cuyahoga Valley National Park,2011,5,3,143
Cuyahoga Valley National Park,2012,2,2,38
Cuyahoga Valley National Park,2012,3,3,826
Cuyahoga Valley National Park,2012,4,32,1890
Cuyahoga Valley National Park,2012,5,58,2742
Cuyahoga Valley National Park,2013,2,3,348
Cuyahoga Valley National Park,2013,3,3,673
Cuyahoga Valley National Park,2013,4,14,2124
Cuyahoga Valley National Park,2013,5,49,2220
Cuyahoga Valley National Park,2014,2,1,78
Cuyahoga Valley National Park,2014,3,7,1990
Cuyahoga Valley National Park,2014,4,18,1772
Cuyahoga Valley National Park,2014,5,28,2262
Cuyahoga Valley National Park,2015,1,4,72
Cuyahoga Valley National Park,2015,2,4,104
Cuyahoga Valley National Park,2015,3,17,2692
Cuyahoga Valley National Park,2015,4,28,2878
Cuyahoga Valley National Park,2015,5,57,7877
Cuyahoga Valley National Park,2016,1,2,96
Cuyahoga Valley National Park,2016,2,1,7
Cuyahoga Valley National Park,2016,3,16,1390
Cuyahoga Valley National Park,2016,4,54,3936
Cuyahoga Valley National Park,2016,5,63,3381
Cuyahoga Valley National Park,2017,1,2,20
Cuyahoga Valley National Park,2017,2,2,353
Cuyahoga Valley National Park,2017,3,9,1371
Cuyahoga Valley National Park,2017,4,34,3361
Cuyahoga Valley National Park,2017,5,58,3797
Cuyahoga Valley National Park,2018,1,3,24
Cuyahoga Valley National Park,2018,2,5,232
Cuyahoga Valley National Park,2018,3,11,589
Cuyahoga Valley National Park,2018,4,25,1505
Cuyahoga Valley National Park,2018,5,48,2601
Cuyahoga Valley National Park,2019,1,3,7
Cuyahoga Valley National Park,2019,2,3,110
Cuyahoga Valley National Park,2019,3,5,409
Cuyahoga Valley National Park,2019,4,8,389
Cuyahoga Valley National Park,2019,5,40,1764
Death Valley National Park,2007,4,1,2
Death Valley National Park,2009,5,2,147
Death Valley National Park,2010,5,6,1281
Death Valley National Park,2011,4,6,2082
Death Valley National Park,2011,5,26,2067
Death Valley National Park,2012,2,1,223
Death Valley National Park,2012,3,1,142
Death Valley National Park,2012,4,10,1049
Death Valley National Park,2012,5,71,6418
Death Valley National Park,2013,4,13,1305
Death Valley National Park,2013,5,76,8015
Death Valley National Park,2014,3,8,430
Death Valley National Park,2014,4,16,1814
Death Valley National Park,2014,5,114,17766
Death Valley National Park,2015,3,3,246
Death Valley National Park,2015,4,43,6267
Death Valley National Park,2015,5,205,16192
Death Valley National Park,2016,3,3,286
Death Valley National Park,2016,4,43,3227
Death Valley National Park,2016,5,286,20509
Death Valley National Park,2017,3,2,208
Death Valley National Park,2017,4,33,3976
Death Valley National Park,2017,5,198,40291
Death Valley National Park,2018,3,2,244
Death Valley National Park,2018,4,23,3370
Death Valley National Park,2018,5,78,4989
Death Valley National Park,2019,1,1,0
Death Valley National Park,2019,3,1,17
Death Valley National Park,2019,4,7,1048
Death Valley National Park,2019,5,75,10679
Denali National Park,2007,5,3,360
Denali National Park,2008,5,2,157
Denali National Park,2009,5,1,322
Denali National Park,2010,5,2,271
Denali National Park,2011,2,1,75
Denali National Park,2011,3,2,355
Denali National Park,2011,4,6,247
Denali National Park,2011,5,28,2638
Denali National Park,2012,1,3,15
Denali National Park,2012,2,3,621
Denali National Park,2012,3,2,250
Denali National Park,2012,4,19,1094
Denali National Park,2012,5,124,9297
Denali National Park,2013,2,3,232
Denali National Park,2013,3,5,569
Denali National Park,2013,4,12,762
Denali National Park,2013,5,144,10880
Denali National Park,2014,3,8,880
Denali National Park,2014,4,20,1471
Denali National Park,2014,5,208,16932
Denali National Park,2015,1,3,262
Denali National Park,2015,2,2,64
Denali National Park,2015,3,15,922
Denali National Park,2015,4,52,4247
Denali National Park,2015,5,310,18843
Denali National Park,2016,1,2,9
Denali National Park,2016,2,2,19
Denali National Park,2016,3,21,1034
Denali National Park,2016,4,76,4379
Denali National Park,2016,5,528,25805
Denali National Park,2017,2,1,12
Denali National Park,2017,3,11,490
Denali National Park,2017,4,38,2899
Denali National Park,2017,5,367,24555
Denali National Park,2018,1,1,17
Denali National Park,2018,2,1,5
Denali National Park,2018,3,7,1485
Denali National Park,2018,4,28,1408
Denali National Park,2018,5,308,14493
Denali National Park,2019,1,2,1
Denali National Park,2019,2,2,33
Denali National Park,2019,3,7,404
Denali National Park,2019,4,26,1682
Denali National Park,2019,5,211,8411
Dry Tortugas National Park,2012,2,1,366
Dry Tortugas National Park,2012,4,4,124
Dry Tortugas National Park,2012,5,17,686
Dry Tortugas National Park,2013,1,5,136
Dry Tortugas National Park,2013,2,4,157
Dry Tortugas National Park,2013,3,17,322
Dry Tortugas National Park,2013,4,76,2368
Dry Tortugas National Park,2013,5,428,15468
Dry Tortugas National Park,2014,1,2,31
Dry Tortugas National Park,2014,2,6,62
Dry Tortugas National Park,2014,3,17,742
Dry Tortugas National Park,2014,4,122,7151
Dry Tortugas National Park,2014,5,642,25764
Dry Tortugas National Park,2015,1,5,109
Dry Tortugas National Park,2015,2,5,16
Dry Tortugas National Park,2015,3,34,3634
Dry Tortugas National Park,2015,4,137,6936
Dry Tortugas National Park,2015,5,771,26601
Dry Tortugas National Park,2016,1,2,168
Dry Tortugas National Park,2016,2,4,160
Dry Tortugas National Park,2016,3,26,718
Dry Tortugas National Park,2016,4,113,6844
Dry Tortugas National Park,2016,5,742,19789
Dry Tortugas National Park,2017,1,3,65
Dry Tortugas National Park,2017,2,5,90
Dry Tortugas National Park,2017,3,25,1341
Dry Tortugas National Park,2017,4,69,2273
Dry Tortugas National Park,2017,5,597,23077
Dry Tortugas National Park,2018,2,1,2
Dry Tortugas National Park,2018,3,17,728
Dry Tortugas National Park,2018,4,54,2107
Dry Tortugas National Park,2018,5,421,8682
Dry Tortugas National Park,2019,1,2,17
Dry Tortugas National Park,2019,2,2,7
Dry Tortugas National Park,2019,3,8,59
Dry Tortugas National Park,2019,4,29,2294
Dry Tortugas National Park,2019,5,289,8419
Everglades National Park,2014,2,2,391
Everglades National Park,2014,3,5,165
Everglades National Park,2014,4,18,745
Everglades National Park,2014,5,47,4099
Everglades National Park,2015,1,6,40
Everglades National Park,2015,2,8,352
Everglades National Park,2015,3,16,614
Everglades National Park,2015,4,70,3320
Everglades National Park,2015,5,204,14387
Everglades National Park,2016,1,1,0
Everglades National Park,2016,2,2,465
Everglades National Park,2016,3,20,1563
Everglades National Park,2016,4,50,5200
Everglades National Park,2016,5,158,11701
Everglades National Park,2017,2,1,6
Everglades National Park,2017,3,6,742
Everglades National Park,2017,4,40,1378
Everglades National Park,2017,5,113,5216
Everglades National Park,2018,1,3,52
Everglades National Park,2018,2,1,90
Everglades National Park,2018,3,9,584
Everglades National Park,2018,4,20,729
Everglades National Park,2018,5,88,5430
Everglades National Park,2019,1,2,132
Everglades National Park,2019,2,3,105
Everglades National Park,2019,3,6,210
Everglades National Park,2019,4,17,500
Everglades National Park,2019,5,84,7403
Glacier Bay National Park,2008,5,2,16
Glacier Bay National Park,2009,5,10,303
Glacier Bay National Park,2010,4,1,39
Glacier Bay National Park,2010,5,7,167
Glacier Bay National Park,2011,5,12,1448
Glacier Bay National Park,2012,2,1,27
Glacier Bay National Park,2012,3,3,227
Glacier Bay National Park,2012,4,2,156
Glacier Bay National Park,2012,5,55,7017
Glacier Bay National Park,2013,4,6,422
Glacier Bay National Park,2013,5,121,12699
Glacier Bay National Park,2014,2,4,84
Glacier Bay National Park,2014,3,2,119
Glacier Bay National Park,2014,4,13,1914
Glacier Bay National Park,2014,5,157,13620
Glacier Bay National Park,2015,3,3,132
Glacier Bay National Park,2015,4,15,796
Glacier Bay National Park,2015,5,204,21446
Glacier Bay National Park,2016,3,1,35
Glacier Bay National Park,2016,4,8,1112
Glacier Bay National Park,2016,5,199,18044
Glacier Bay National Park,2017,4,7,606
Glacier Bay National Park,2017,5,151,22664
Glacier Bay National Park,2018,3,1,31
Glacier Bay National Park,2018,4,11,1172
Glacier Bay National Park,2018,5,174,21438
Glacier Bay National Park,2019,3,1,291
Glacier Bay National Park,2019,4,10,4096
Glacier Bay National Park,2019,5,106,6140
Glacier National Park,2004,5,1,102
Glacier National Park,2005,5,1,39
Glacier National Park,2007,5,1,124
Glacier National Park,2008,5,3,161
Glacier National Park,2009,1,1,27
Glacier National Park,2009,5,2,165
Glacier National Park,2010,2,1,217
Glacier National Park,2010,5,1,53
Glacier National Park,2011,4,4,417
Glacier National Park,2011,5,25,2883
Glacier National Park,2012,2,1,17
Glacier National Park,2012,3,5,425
Glacier National Park,2012,4,32,1402
Glacier National Park,2012,5,248,17683
Glacier National Park,2013,1,1,28
Glacier National Park,2013,2,1,31
Glacier National Park,2013,3,9,539
Glacier National Park,2013,4,30,3370
Glacier National Park,2013,5,216,19432
Glacier National Park,2014,2,2,387
Glacier National Park,2014,3,4,646
Glacier National Park,2014,4,34,3308
Glacier National Park,2014,5,287,24873
Glacier National Park,2015,2,6,809
Glacier National Park,2015,3,8,243
Glacier National Park,2015,4,43,2500
Glacier National Park,2015,5,421,32519
Glacier National Park,2016,1,1,6
Glacier National Park,2016,3,8,546
Glacier National Park,2016,4,44,3115
Glacier National Park,2016,5,575,35296
Glacier National Park,2017,2,6,185
Glacier National Park,2017,3,12,1168
Glacier National Park,2017,4,39,2929
Glacier National Park,2017,5,344,23580
Glacier National Park,2018,1,2,16
Glacier National Park,2018,2,6,408
Glacier National Park,2018,3,8,102
Glacier National Park,2018,4,25,2875
Glacier National Park,2018,5,253,32963
Glacier National Park,2019,1,1,3
Glacier National Park,2019,2,2,24
Glacier National Park,2019,3,19,4383
Glacier National Park,2019,4,15,537
Glacier National Park,2019,5,291,15427
Grand Canyon National Park,2003,5,2,110
Grand Canyon National Park,2004,1,1,43
Grand Canyon National Park,2004,3,2,284
Grand Canyon National Park,2004,4,2,59
Grand Canyon National Park,2004,5,4,697
Grand Canyon National Park,2005,2,2,97
Grand Canyon National Park,2005,4,3,409
Grand Canyon National Park,2005,5,11,1805
Grand Canyon National Park,2006,4,4,466
Grand Canyon National Park,2006,5,22,1671
Grand Canyon National Park,2007,1,1,37
Grand Canyon National Park,2007,3,1,91
Grand Canyon National Park,2007,4,3,337
Grand Canyon National Park,2007,5,17,3721
Grand Canyon National Park,2008,1,1,25
Grand Canyon National Park,2008,2,1,112
Grand Canyon National Park,2008,3,3,70
Grand Canyon National Park,2008,4,5,594
Grand Canyon National Park,2008,5,22,5571
Grand Canyon National Park,2009,1,3,20
Grand Canyon National Park,2009,2,2,20
Grand Canyon National Park,2009,3,4,311
Grand Canyon National Park,2009,4,14,505
Grand Canyon National Park,2009,5,72,3624
Grand Canyon National Park,2010,1,2,140
Grand Canyon National Park,2010,2,2,4
Grand Canyon National Park,2010,3,5,230
Grand Canyon National Park,2010,4,15,447
Grand Canyon National Park,2010,5,130,4672
Grand Canyon National Park,2011,1,4,57
Grand Canyon National Park,2011,2,5,53
Grand Canyon National Park,2011,3,16,1117
Grand Canyon National Park,2011,4,46,3126
Grand Canyon National Park,2011,5,394,31875
Grand Canyon National Park,2012,1,6,569
Grand Canyon National Park,2012,2,10,170
Grand Canyon National Park,2012,3,31,1546
Grand Canyon National Park,2012,4,134,9368
Grand Canyon National Park,2012,5,1397,89080
Grand Canyon National Park,2013,1,2,84
Grand Canyon National Park,2013,2,5,462
Grand Canyon National Park,2013,3,24,1676
Grand Canyon National Park,2013,4,116,7034
Grand Canyon National Park,2013,5,1423,95364
Grand Canyon National Park,2014,1,3,157
Grand Canyon National Park,2014,2,13,484
Grand Canyon National Park,2014,3,35,1021
Grand Canyon National Park,2014,4,177,9979
Grand Canyon National Park,2014,5,1983,153454
Grand Canyon National Park,2015,1,10,476
Grand Canyon National Park,2015,2,13,840
Grand Canyon National Park,2015,3,52,2425
Grand Canyon National Park,2015,4,268,15098
Grand Canyon National Park,2015,5,2967,178641
Grand Canyon National Park,2016,1,2,166
Grand Canyon National Park,2016,2,9,417
Grand Canyon National Park,2016,3,37,1611
Grand Canyon National Park,2016,4,204,11387
Grand Canyon National Park,2016,5,2638,182870
Grand Canyon National Park,2017,1,5,262
Grand Canyon National Park,2017,2,4,67
Grand Canyon National Park,2017,3,21,695
Grand Canyon National Park,2017,4,150,10030
Grand Canyon National Park,2017,5,1633,105201
Grand Canyon National Park,2018,1,8,70
Grand Canyon National Park,2018,2,4,599
Grand Canyon National Park,2018,3,21,1036
Grand Canyon National Park,2018,4,111,4194
Grand Canyon National Park,2018,5,1243,78099
Grand Canyon National Park,2019,1,8,49
Grand Canyon National Park,2019,3,14,742
Grand Canyon National Park,2019,4,60,2862
Grand Canyon National Park,2019,5,758,118800
Grand Teton National Park,2004,5,1,551
Grand Teton National Park,2007,2,1,69
Grand Teton National Park,2008,5,2,85
Grand Teton National Park,2009,4,1,4
Grand Teton National Park,2009,5,7,419
Grand Teton National Park,2010,2,1,22
Grand Teton National Park,2010,5,11,1857
Grand Teton National Park,2011,3,2,366
Grand Teton National Park,2011,4,4,82
Grand Teton National Park,2011,5,55,4719
Grand Teton National Park,2012,3,2,54
Grand Teton National Park,2012,4,12,1159
Grand Teton National Park,2012,5,142,10075
Grand Teton National Park,2013,3,2,68
Grand Teton National Park,2013,4,12,824
Grand Teton National Park,2013,5,184,15129
Grand Teton National Park,2014,3,2,1068
Grand Teton National Park,2014,4,22,1639
Grand Teton National Park,2014,5,260,25236
Grand Teton National Park,2015,3,5,836
Grand Teton National Park,2015,4,45,3218
Grand Teton National Park,2015,5,408,27645
Grand Teton National Park,2016,3,2,51
Grand Teton National Park,2016,4,39,4714
Grand Teton National Park,2016,5,370,27566
Grand Teton National Park,2017,2,1,54
Grand Teton National Park,2017,3,3,262
Grand Teton National Park,2017,4,26,2356
Grand Teton National Park,2017,5,242,18925
Grand Teton National Park,2018,1,1,3
Grand Teton National Park,2018,2,1,4
Grand Teton National Park,2018,3,2,87
Grand Teton National Park,2018,4,23,2391
Grand Teton National Park,2018,5,215,24842
Grand Teton National Park,2019,3,6,491
Grand Teton National Park,2019,4,19,2427
Grand Teton National Park,2019,5,153,10723
Great Basin National Park,2011,3,1,35
Great Basin National Park,2011,4,1,5
Great Basin National Park,2011,5,7,1041
Great Basin National Park,2012,3,1,30
Great Basin National Park,2012,4,10,512
Great Basin National Park,2012,5,6,254
Great Basin National Park,2013,3,1,69
Great Basin National Park,2013,4,13,730
Great Basin National Park,2013,5,21,1505
Great Basin National Park,2014,2,1,297
Great Basin National Park,2014,3,4,321
Great Basin National Park,2014,4,15,1459
Great Basin National Park,2014,5,33,1497
Great Basin National Park,2015,3,6,337
Great Basin National Park,2015,4,35,2888
Great Basin National Park,2015,5,54,3912
Great Basin National Park,2016,3,4,1131
Great Basin National Park,2016,4,18,942
Great Basin National Park,2016,5,43,5882
Great Basin National Park,2017,2,1,9
Great Basin National Park,2017,3,5,866
Great Basin National Park,2017,4,9,2511
Great Basin National Park,2017,5,61,4044
Great Basin National Park,2018,3,2,120
Great Basin National Park,2018,4,18,3003
Great Basin National Park,2018,5,56,3616
Great Basin National Park,2019,3,3,48
Great Basin National Park,2019,4,10,283
Great Basin National Park,2019,5,35,2570
Great Sand Dunes National Park,2016,1,1,169
Great Sand Dunes National Park,2016,3,10,707
Great Sand Dunes National Park,2016,4,47,3604
Great Sand Dunes National Park,2016,5,192,8456
Great Sand Dunes National Park,2017,1,1,16
Great Sand Dunes National Park,2017,2,2,184
Great Sand Dunes National Park,2017,3,7,446
Great Sand Dunes National Park,2017,4,50,3407
Great Sand Dunes National Park,2017,5,184,12860
Great Sand Dunes National Park,2018,1,1,2
Great Sand Dunes National Park,2018,3,5,522
Great Sand Dunes National Park,2018,4,30,1670
Great Sand Dunes National Park,2018,5,133,9940
Great Sand Dunes National Park,2019,3,2,332
Great Sand Dunes National Park,2019,4,28,1641
Great Sand Dunes National Park,2019,5,87,3055
Great Smoky Mountains National Park,2017,4,8,571
Great Smoky Mountains National Park,2017,5,93,5270
Great Smoky Mountains National Park,2018,1,1,6
Great Smoky Mountains National Park,2018,2,1,12
Great Smoky Mountains National Park,2018,3,11,745
Great Smoky Mountains National Park,2018,4,40,1697
Great Smoky Mountains National Park,2018,5,666,21199
Great Smoky Mountains National Park,2019,1,1,5
Great Smoky Mountains National Park,2019,2,2,70
Great Smoky Mountains National Park,2019,3,8,300
Great Smoky Mountains National Park,2019,4,25,746
Great Smoky Mountains National Park,2019,5,435,21817
Guadalupe Mountains National Park,2004,4,1,41
Guadalupe Mountains National Park,2007,4,1,210
Guadalupe Mountains National Park,2009,5,1,64
Guadalupe Mountains National Park,2010,5,1,127
Guadalupe Mountains National Park,2011,4,1,145
Guadalupe Mountains National Park,2011,5,1,6
Guadalupe Mountains National Park,2012,4,6,351
Guadalupe Mountains National Park,2012,5,8,285
Guadalupe Mountains National Park,2013,3,1,213
Guadalupe Mountains National Park,2013,4,7,963
Guadalupe Mountains National Park,2013,5,16,1326
Guadalupe Mountains National Park,2014,3,1,39
Guadalupe Mountains National Park,2014,4,4,139
Guadalupe Mountains National Park,2014,5,28,1994
Guadalupe Mountains National Park,2015,3,1,144
Guadalupe Mountains National Park,2015,4,3,250
Guadalupe Mountains National Park,2015,5,35,2792
Guadalupe Mountains National Park,2016,4,7,204
Guadalupe Mountains National Park,2016,5,40,2026
Guadalupe Mountains National Park,2017,4,6,431
Guadalupe Mountains National Park,2017,5,26,2646
Guadalupe Mountains National Park,2018,3,1,5
Guadalupe Mountains National Park,2018,4,3,109
Guadalupe Mountains National Park,2018,5,17,996
Guadalupe Mountains National Park,2019,5,11,896
Haleakala National Park,2004,1,2,213
Haleakala National Park,2004,3,2,64
Haleakala National Park,2004,4,1,140
Haleakala National Park,2004,5,10,469
Haleakala National Park,2005,1,1,71
Haleakala National Park,2005,2,2,302
Haleakala National Park,2005,3,1,44
Haleakala National Park,2005,4,5,329
Haleakala National Park,2005,5,13,1048
Haleakala National Park,2006,1,1,226
Haleakala National Park,2006,2,1,179
Haleakala National Park,2006,4,8,850
Haleakala National Park,2006,5,11,1837
Haleakala National Park,2007,2,1,13
Haleakala National Park,2007,3,1,18
Haleakala National Park,2007,4,5,221
Haleakala National Park,2007,5,8,180
Haleakala National Park,2008,2,1,26
Haleakala National Park,2008,3,1,153
Haleakala National Park,2008,4,3,61
Haleakala National Park,2008,5,18,864
Haleakala National Park,2009,3,2,99
Haleakala National Park,2009,4,5,306
Haleakala National Park,2009,5,22,782
Haleakala National Park,2010,3,1,174
Haleakala National Park,2010,4,11,407
Haleakala National Park,2010,5,38,2871
Haleakala National Park,2011,2,3,27
Haleakala National Park,2011,3,1,25
Haleakala National Park,2011,4,34,1932
Haleakala National Park,2011,5,104,12148
Haleakala National Park,2012,2,6,273
Haleakala National Park,2012,3,11,633
Haleakala National Park,2012,4,61,3092
Haleakala National Park,2012,5,374,32817
Haleakala National Park,2013,1,2,24
Haleakala National Park,2013,2,6,67
Haleakala National Park,2013,3,11,2841
Haleakala National Park,2013,4,87,4692
Haleakala National Park,2013,5,424,25564
Haleakala National Park,2014,1,8,156
Haleakala National Park,2014,2,3,61
Haleakala National Park,2014,3,13,935
Haleakala National Park,2014,4,122,10351
Haleakala National Park,2014,5,525,30281
Haleakala National Park,2015,1,9,190
Haleakala National Park,2015,2,8,428
Haleakala National Park,2015,3,42,1351
Haleakala National Park,2015,4,228,8685
Haleakala National Park,2015,5,1152,47211
Haleakala National Park,2016,1,4,38
Haleakala National Park,2016,2,10,263
Haleakala National Park,2016,3,49,2336
Haleakala National Park,2016,4,181,7073
Haleakala National Park,2016,5,1127,41813
Haleakala National Park,2017,1,8,164
Haleakala National Park,2017,2,4,328
Haleakala National Park,2017,3,38,1308
Haleakala National Park,2017,4,147,7096
Haleakala National Park,2017,5,831,28732
Haleakala National Park,2018,1,7,106
Haleakala National Park,2018,2,4,25
Haleakala National Park,2018,3,28,2379
Haleakala National Park,2018,4,93,4614
Haleakala National Park,2018,5,593,23049
Haleakala National Park,2019,1,6,293
Haleakala National Park,2019,2,1,4
Haleakala National Park,2019,3,9,94
Haleakala National Park,2019,4,55,1813
Haleakala National Park,2019,5,347,11246
Hawaii Volcanoes National Park,2008,5,1,6
Hawaii Volcanoes National Park,2009,2,1,14
Hawaii Volcanoes National Park,2009,5,3,1611
Hawaii Volcanoes National Park,2010,3,1,154
Hawaii Volcanoes National Park,2010,4,6,441
Hawaii Volcanoes National Park,2010,5,16,1939
Hawaii Volcanoes National Park,2011,1,2,34
Hawaii Volcanoes National Park,2011,2,3,281
Hawaii Volcanoes National Park,2011,3,4,340
Hawaii Volcanoes National Park,2011,4,14,1085
Hawaii Volcanoes National Park,2011,5,54,4857
Hawaii Volcanoes National Park,2012,1,1,45
Hawaii Volcanoes National Park,2012,2,1,87
Hawaii Volcanoes National Park,2012,3,9,467
Hawaii Volcanoes National Park,2012,4,54,2635
Hawaii Volcanoes National Park,2012,5,249,22687
Hawaii Volcanoes National Park,2013,1,1,21
Hawaii Volcanoes National Park,2013,2,5,152
Hawaii Volcanoes National Park,2013,3,11,316
Hawaii Volcanoes National Park,2013,4,90,5548
Hawaii Volcanoes National Park,2013,5,342,26390
Hawaii Volcanoes National Park,2014,1,1,4
Hawaii Volcanoes National Park,2014,2,5,317
Hawaii Volcanoes National Park,2014,3,21,1418
Hawaii Volcanoes National Park,2014,4,120,9199
Hawaii Volcanoes National Park,2014,5,482,31335
Hawaii Volcanoes National Park,2015,1,6,208
Hawaii Volcanoes National Park,2015,2,6,284
Hawaii Volcanoes National Park,2015,3,54,2923
Hawaii Volcanoes National Park,2015,4,276,13238
Hawaii Volcanoes National Park,2015,5,1201,67402
Hawaii Volcanoes National Park,2016,1,1,3
Hawaii Volcanoes National Park,2016,2,4,162
Hawaii Volcanoes National Park,2016,3,50,1881
Hawaii Volcanoes National Park,2016,4,263,14390
Hawaii Volcanoes National Park,2016,5,1335,55818
Hawaii Volcanoes National Park,2017,1,1,7
Hawaii Volcanoes National Park,2017,2,5,524
Hawaii Volcanoes National Park,2017,3,39,1395
Hawaii Volcanoes National Park,2017,4,197,13237
Hawaii Volcanoes National Park,2017,5,1077,56076
Hawaii Volcanoes National Park,2018,1,7,111
Hawaii Volcanoes National Park,2018,2,4,161
Hawaii Volcanoes National Park,2018,3,28,1547
Hawaii Volcanoes National Park,2018,4,105,6943
Hawaii Volcanoes National Park,2018,5,465,25695
Hawaii Volcanoes National Park,2019,1,4,20
Hawaii Volcanoes National Park,2019,2,11,259
Hawaii Volcanoes National Park,2019,3,42,1666
Hawaii Volcanoes National Park,2019,4,82,4482
Hawaii Volcanoes National Park,2019,5,262,10518
Hot Springs National Park,2012,2,2,74
Hot Springs National Park,2012,3,1,101
Hot Springs National Park,2012,4,9,750
Hot Springs National Park,2012,5,11,769
Hot Springs National Park,2013,1,2,32
Hot Springs National Park,2013,2,2,186
Hot Springs National Park,2013,3,6,527
Hot Springs National Park,2013,4,7,346
Hot Springs National Park,2013,5,16,1269
Hot Springs National Park,2014,1,1,41
Hot Springs National Park,2014,2,1,115
Hot Springs National Park,2014,3,8,539
Hot Springs National Park,2014,4,17,1846
Hot Springs National Park,2014,5,17,4306
Hot Springs National Park,2015,2,5,364
Hot Springs National Park,2015,3,16,841
Hot Springs National Park,2015,4,38,3699
Hot Springs National Park,2015,5,97,5790
Hot Springs National Park,2016,1,2,69
Hot Springs National Park,2016,2,3,275
Hot Springs National Park,2016,3,13,713
Hot Springs National Park,2016,4,33,2585
Hot Springs National Park,2016,5,87,4270
Hot Springs National Park,2017,1,1,24
Hot Springs National Park,2017,2,2,33
Hot Springs National Park,2017,3,10,315
Hot Springs National Park,2017,4,44,4598
Hot Springs National Park,2017,5,114,10283
Hot Springs National Park,2018,1,2,37
Hot Springs National Park,2018,2,1,14
Hot Springs National Park,2018,3,12,796
Hot Springs National Park,2018,4,26,5662
Hot Springs National Park,2018,5,102,4017
Hot Springs National Park,2019,1,1,108
Hot Springs National Park,2019,2,3,346
Hot Springs National Park,2019,3,8,219
Hot Springs National Park,2019,4,24,859
Hot Springs National Park,2019,5,84,4011
Indiana Dunes National Park,2004,4,1,6
Indiana Dunes National Park,2005,5,1,11
Indiana Dunes National Park,2007,4,1,3
Indiana Dunes National Park,2007,5,1,58
Indiana Dunes National Park,2008,3,1,19
Indiana Dunes National Park,2009,5,1,10
Indiana Dunes National Park,2010,5,1,8
Indiana Dunes National Park,2011,3,1,61
Indiana Dunes National Park,2011,4,2,188
Indiana Dunes National Park,2011,5,6,421
Indiana Dunes National Park,2012,1,1,28
Indiana Dunes National Park,2012,2,1,94
Indiana Dunes National Park,2012,3,5,181
Indiana Dunes National Park,2012,4,14,1147
Indiana Dunes National Park,2012,5,27,1261
Indiana Dunes National Park,2013,3,2,125
Indiana Dunes National Park,2013,4,8,415
Indiana Dunes National Park,2013,5,31,1103
Indiana Dunes National Park,2014,1,2,60
Indiana Dunes National Park,2014,2,3,198
Indiana Dunes National Park,2014,3,7,303
Indiana Dunes National Park,2014,4,22,4521
Indiana Dunes National Park,2014,5,53,3422
Indiana Dunes National Park,2015,1,3,113
Indiana Dunes National Park,2015,2,2,20
Indiana Dunes National Park,2015,3,9,473
Indiana Dunes National Park,2015,4,46,2244
Indiana Dunes National Park,2015,5,80,2629
Indiana Dunes National Park,2016,1,1,2
Indiana Dunes National Park,2016,2,3,33
Indiana Dunes National Park,2016,3,11,1214
Indiana Dunes National Park,2016,4,51,2786
Indiana Dunes National Park,2016,5,107,3208
Indiana Dunes National Park,2017,1,1,15
Indiana Dunes National Park,2017,2,1,4
Indiana Dunes National Park,2017,3,8,470
Indiana Dunes National Park,2017,4,29,1156
Indiana Dunes National Park,2017,5,72,1817
Indiana Dunes National Park,2018,2,1,42
Indiana Dunes National Park,2018,3,2,29
Indiana Dunes National Park,2018,4,14,1344
Indiana Dunes National Park,2018,5,65,6795
Indiana Dunes National Park,2019,1,2,43
Indiana Dunes National Park,2019,2,4,310
Indiana Dunes National Park,2019,3,7,131
Indiana Dunes National Park,2019,4,23,1311
Indiana Dunes National Park,2019,5,41,777
Joshua Tree National Park,2018,2,1,17
Joshua Tree National Park,2018,3,5,260
Joshua Tree National Park,2018,4,18,1518
Joshua Tree National Park,2018,5,114,15763
Joshua Tree National Park,2019,1,2,154
Joshua Tree National Park,2019,3,6,436
Joshua Tree National Park,2019,4,25,6771
Joshua Tree National Park,2019,5,174,18435
Kenai Fjords National Park,2012,4,7,202
Kenai Fjords National Park,2012,5,59,3472
Kenai Fjords National Park,2013,1,1,76
Kenai Fjords National Park,2013,3,2,106
Kenai Fjords National Park,2013,4,17,842
Kenai Fjords National Park,2013,5,168,10799
Kenai Fjords National Park,2014,2,1,8
Kenai Fjords National Park,2014,3,2,203
Kenai Fjords National Park,2014,4,14,872
Kenai Fjords National Park,2014,5,196,14368
Kenai Fjords National Park,2015,1,2,7
Kenai Fjords National Park,2015,3,3,215
Kenai Fjords National Park,2015,4,19,1628
Kenai Fjords National Park,2015,5,283,13952
Kenai Fjords National Park,2016,3,4,201
Kenai Fjords National Park,2016,4,20,588
Kenai Fjords National Park,2016,5,248,18266
Kenai Fjords National Park,2017,1,1,0
Kenai Fjords National Park,2017,3,2,173
Kenai Fjords National Park,2017,4,20,1314
Kenai Fjords National Park,2017,5,186,14051
Kenai Fjords National Park,2018,2,1,102
Kenai Fjords National Park,2018,3,3,22
Kenai Fjords National Park,2018,4,13,1076
Kenai Fjords National Park,2018,5,149,9671
Kenai Fjords National Park,2019,4,9,401
Kenai Fjords National Park,2019,5,102,4289
Kings Canyon National Park,2007,5,1,27
Kings Canyon National Park,2009,3,1,6
Kings Canyon National Park,2009,4,2,17
Kings Canyon National Park,2009,5,2,296
Kings Canyon National Park,2010,4,2,221
Kings Canyon National Park,2010,5,3,194
Kings Canyon National Park,2011,2,1,10
Kings Canyon National Park,2011,4,4,1293
Kings Canyon National Park,2011,5,32,2103
Kings Canyon National Park,2012,2,1,25
Kings Canyon National Park,2012,3,1,128
Kings Canyon National Park,2012,4,18,816
Kings Canyon National Park,2012,5,53,2998
Kings Canyon National Park,2013,2,1,16
Kings Canyon National Park,2013,3,3,105
Kings Canyon National Park,2013,4,12,1559
Kings Canyon National Park,2013,5,71,5574
Kings Canyon National Park,2014,3,5,495
Kings Canyon National Park,2014,4,15,2053
Kings Canyon National Park,2014,5,88,5810
Kings Canyon National Park,2015,2,2,65
Kings Canyon National Park,2015,3,3,174
Kings Canyon National Park,2015,4,20,2211
Kings Canyon National Park,2015,5,96,10084
Kings Canyon National Park,2016,1,2,19
Kings Canyon National Park,2016,2,2,34
Kings Canyon National Park,2016,3,3,217
Kings Canyon National Park,2016,4,18,4865
Kings Canyon National Park,2016,5,99,5853
Kings Canyon National Park,2017,2,1,30
Kings Canyon National Park,2017,3,4,217
Kings Canyon National Park,2017,4,11,1011
Kings Canyon National Park,2017,5,92,9607
Kings Canyon National Park,2018,1,1,2
Kings Canyon National Park,2018,2,1,72
Kings Canyon National Park,2018,3,3,93
Kings Canyon National Park,2018,4,11,1624
Kings Canyon National Park,2018,5,65,4138
Kings Canyon National Park,2019,3,1,106
Kings Canyon National Park,2019,4,3,370
Kings Canyon National Park,2019,5,22,1147
Kobuk Valley National Park,2017,4,2,20
Kobuk Valley National Park,2017,5,1,13
Kobuk Valley National Park,2018,5,2,252
Kobuk Valley National Park,2019,5,1,43
Gates Of The Arctic National Park,2017,5,1,1223
Gates Of The Arctic National Park,2019,5,1,43
Lake Clark National Park,2017,5,6,1638
Lake Clark National Park,2018,5,10,1060
Lake Clark National Park,2019,5,2,86
Mammoth Cave National Park,2004,4,1,1
Mammoth Cave National Park,2006,4,1,69
Mammoth Cave National Park,2006,5,1,224
Mammoth Cave National Park,2007,4,4,1034
Mammoth Cave National Park,2007,5,4,501
Mammoth Cave National Park,2008,1,1,6
Mammoth Cave National Park,2008,2,1,2
Mammoth Cave National Park,2008,3,1,9
Mammoth Cave National Park,2008,4,6,325
Mammoth Cave National Park,2008,5,4,506
Mammoth Cave National Park,2009,1,1,5
Mammoth Cave National Park,2009,3,2,160
Mammoth Cave National Park,2009,4,6,646
Mammoth Cave National Park,2009,5,14,660
Mammoth Cave National Park,2010,2,1,169
Mammoth Cave National Park,2010,3,2,178
Mammoth Cave National Park,2010,4,20,1623
Mammoth Cave National Park,2010,5,21,1463
Mammoth Cave National Park,2011,1,1,0
Mammoth Cave National Park,2011,2,1,4
Mammoth Cave National Park,2011,3,4,153
Mammoth Cave National Park,2011,4,23,855
Mammoth Cave National Park,2011,5,55,3336
Mammoth Cave National Park,2012,1,4,323
Mammoth Cave National Park,2012,2,3,70
Mammoth Cave National Park,2012,3,16,940
Mammoth Cave National Park,2012,4,72,3048
Mammoth Cave National Park,2012,5,194,12280
Mammoth Cave National Park,2013,1,1,37
Mammoth Cave National Park,2013,2,4,179
Mammoth Cave National Park,2013,3,21,856
Mammoth Cave National Park,2013,4,96,5098
Mammoth Cave National Park,2013,5,268,14999
Mammoth Cave National Park,2014,1,6,84
Mammoth Cave National Park,2014,2,4,174
Mammoth Cave National Park,2014,3,36,2857
Mammoth Cave National Park,2014,4,114,7157
Mammoth Cave National Park,2014,5,273,13336
Mammoth Cave National Park,2015,1,4,37
Mammoth Cave National Park,2015,2,11,467
Mammoth Cave National Park,2015,3,52,2782
Mammoth Cave National Park,2015,4,135,8790
Mammoth Cave National Park,2015,5,353,15186
Mammoth Cave National Park,2016,1,3,37
Mammoth Cave National Park,2016,2,17,1528
Mammoth Cave National Park,2016,3,50,2548
Mammoth Cave National Park,2016,4,169,12399
Mammoth Cave National Park,2016,5,447,21689
Mammoth Cave National Park,2017,1,6,201
Mammoth Cave National Park,2017,2,10,588
Mammoth Cave National Park,2017,3,39,1720
Mammoth Cave National Park,2017,4,125,6132
Mammoth Cave National Park,2017,5,321,20257
Mammoth Cave National Park,2018,1,2,12
Mammoth Cave National Park,2018,2,7,144
Mammoth Cave National Park,2018,3,21,1124
Mammoth Cave National Park,2018,4,102,5802
Mammoth Cave National Park,2018,5,305,14228
Mammoth Cave National Park,2019,1,7,159
Mammoth Cave National Park,2019,2,7,561
Mammoth Cave National Park,2019,3,22,1290
Mammoth Cave National Park,2019,4,59,7017
Mammoth Cave National Park,2019,5,163,5533
Lassen Volcanic National Park,2005,5,1,445
Lassen Volcanic National Park,2006,5,1,16
Lassen Volcanic National Park,2007,5,2,109
Lassen Volcanic National Park,2009,5,3,202
Lassen Volcanic National Park,2010,4,1,3
Lassen Volcanic National Park,2010,5,2,412
Lassen Volcanic National Park,2011,4,3,166
Lassen Volcanic National Park,2011,5,10,663
Lassen Volcanic National Park,2012,2,1,7
Lassen Volcanic National Park,2012,3,2,64
Lassen Volcanic National Park,2012,4,12,1588
Lassen Volcanic National Park,2012,5,56,2564
Lassen Volcanic National Park,2013,2,2,59
Lassen Volcanic National Park,2013,3,2,78
Lassen Volcanic National Park,2013,4,10,809
Lassen Volcanic National Park,2013,5,36,2515
Lassen Volcanic National Park,2014,3,2,93
Lassen Volcanic National Park,2014,4,14,4385
Lassen Volcanic National Park,2014,5,39,5924
Lassen Volcanic National Park,2015,2,1,10
Lassen Volcanic National Park,2015,3,2,63
Lassen Volcanic National Park,2015,4,16,4679
Lassen Volcanic National Park,2015,5,57,8825
Lassen Volcanic National Park,2016,3,1,17
Lassen Volcanic National Park,2016,4,9,970
Lassen Volcanic National Park,2016,5,68,3446
Lassen Volcanic National Park,2017,3,1,20
Lassen Volcanic National Park,2017,4,9,1258
Lassen Volcanic National Park,2017,5,37,5781
Lassen Volcanic National Park,2018,2,1,31
Lassen Volcanic National Park,2018,4,9,1893
Lassen Volcanic National Park,2018,5,23,989
Lassen Volcanic National Park,2019,3,1,102
Lassen Volcanic National Park,2019,4,6,1896
Lassen Volcanic National Park,2019,5,21,2144
Mount Rainier National Park,2004,5,1,137
Mount Rainier National Park,2006,5,1,21
Mount Rainier National Park,2008,5,4,135
Mount Rainier National Park,2009,4,1,20
Mount Rainier National Park,2009,5,7,521
Mount Rainier National Park,2010,5,16,1264
Mount Rainier National Park,2011,2,1,120
Mount Rainier National Park,2011,3,3,323
Mount Rainier National Park,2011,4,3,113
Mount Rainier National Park,2011,5,45,3308
Mount Rainier National Park,2012,4,14,881
Mount Rainier National Park,2012,5,152,9952
Mount Rainier National Park,2013,1,1,26
Mount Rainier National Park,2013,3,1,70
Mount Rainier National Park,2013,4,19,966
Mount Rainier National Park,2013,5,141,11058
Mount Rainier National Park,2014,3,2,229
Mount Rainier National Park,2014,4,24,4220
Mount Rainier National Park,2014,5,161,20758
Mount Rainier National Park,2015,3,2,202
Mount Rainier National Park,2015,4,27,2872
Mount Rainier National Park,2015,5,251,18478
Mount Rainier National Park,2016,3,2,154
Mount Rainier National Park,2016,4,25,1946
Mount Rainier National Park,2016,5,198,21599
Mount Rainier National Park,2017,1,1,2
Mount Rainier National Park,2017,3,2,70
Mount Rainier National Park,2017,4,13,442
Mount Rainier National Park,2017,5,168,15925
Mount Rainier National Park,2018,1,1,0
Mount Rainier National Park,2018,2,1,171
Mount Rainier National Park,2018,3,4,112
Mount Rainier National Park,2018,4,17,1141
Mount Rainier National Park,2018,5,155,10069
Mount Rainier National Park,2019,2,1,3
Mount Rainier National Park,2019,3,1,18
Mount Rainier National Park,2019,4,5,46
Mount Rainier National Park,2019,5,92,7635
Virgin Islands National Park,2007,4,1,22
Virgin Islands National Park,2007,5,1,21
Virgin Islands National Park,2011,3,1,170
Virgin Islands National Park,2011,4,3,253
Virgin Islands National Park,2011,5,1,87
Virgin Islands National Park,2012,1,1,5
Virgin Islands National Park,2012,2,1,52
Virgin Islands National Park,2012,3,2,403
Virgin Islands National Park,2012,4,6,265
Virgin Islands National Park,2012,5,8,464
Virgin Islands National Park,2013,1,1,38
Virgin Islands National Park,2013,2,1,186
Virgin Islands National Park,2013,3,3,306
Virgin Islands National Park,2013,4,8,546
Virgin Islands National Park,2013,5,2,18
Virgin Islands National Park,2014,2,1,16
Virgin Islands National Park,2014,3,3,72
Virgin Islands National Park,2014,4,6,3496
Virgin Islands National Park,2014,5,3,99
Virgin Islands National Park,2015,2,3,494
Virgin Islands National Park,2015,3,10,731
Virgin Islands National Park,2015,4,12,5110
Virgin Islands National Park,2015,5,11,486
Virgin Islands National Park,2016,2,6,147
Virgin Islands National Park,2016,3,5,163
Virgin Islands National Park,2016,4,11,933
Virgin Islands National Park,2016,5,13,262
Virgin Islands National Park,2017,1,1,119
Virgin Islands National Park,2017,2,1,0
Virgin Islands National Park,2017,3,5,118
Virgin Islands National Park,2017,4,6,521
Virgin Islands National Park,2017,5,6,572
Virgin Islands National Park,2018,1,1,5
Virgin Islands National Park,2018,3,1,65
Virgin Islands National Park,2018,4,2,164
Virgin Islands National Park,2018,5,2,56
Virgin Islands National Park,2019,3,1,13
Virgin Islands National Park,2019,4,3,833
Virgin Islands National Park,2019,5,2,202
American Samoa National Park,2014,4,1,366
American Samoa National Park,2014,5,1,37
American Samoa National Park,2015,2,1,11
American Samoa National Park,2015,3,1,96
American Samoa National Park,2015,4,5,1158
American Samoa National Park,2015,5,6,1757
American Samoa National Park,2016,3,3,48
American Samoa National Park,2016,4,6,272
American Samoa National Park,2016,5,13,873
American Samoa National Park,2017,3,1,2
American Samoa National Park,2017,4,2,153
American Samoa National Park,2017,5,5,364
American Samoa National Park,2018,3,2,33
American Samoa National Park,2018,4,7,982
American Samoa National Park,2018,5,6,464
American Samoa National Park,2019,2,1,1
American Samoa National Park,2019,3,1,60
American Samoa National Park,2019,4,6,805
American Samoa National Park,2019,5,5,251
North Cascades National Park,2017,4,3,369
North Cascades National Park,2017,5,7,709
North Cascades National Park,2018,4,1,8
North Cascades National Park,2018,5,7,1317
North Cascades National Park,2019,4,3,241
North Cascades National Park,2019,5,15,1516
Olympic National Park,2009,2,1,15
Olympic National Park,2009,5,2,3
Olympic National Park,2011,4,1,3
Olympic National Park,2011,5,5,100
Olympic National Park,2012,4,4,190
Olympic National Park,2012,5,34,781
Olympic National Park,2013,4,8,286
Olympic National Park,2013,5,40,2949
Olympic National Park,2014,3,2,84
Olympic National Park,2014,4,17,993
Olympic National Park,2014,5,53,3321
Olympic National Park,2015,3,5,2944
Olympic National Park,2015,4,12,1125
Olympic National Park,2015,5,85,4640
Olympic National Park,2016,2,1,6
Olympic National Park,2016,3,3,413
Olympic National Park,2016,4,14,1130
Olympic National Park,2016,5,75,12569
Olympic National Park,2017,4,6,614
Olympic National Park,2017,5,53,7911
Olympic National Park,2018,2,3,321
Olympic National Park,2018,4,9,2459
Olympic National Park,2018,5,63,8533
Olympic National Park,2019,4,3,127
Olympic National Park,2019,5,33,4945
Petrified Forest National Park,2005,5,1,139
Petrified Forest National Park,2006,3,1,105
Petrified Forest National Park,2006,5,1,115
Petrified Forest National Park,2007,4,1,2372
Petrified Forest National Park,2007,5,1,17
Petrified Forest National Park,2008,5,3,342
Petrified Forest National Park,2009,3,2,211
Petrified Forest National Park,2009,4,2,325
Petrified Forest National Park,2009,5,2,224
Petrified Forest National Park,2010,3,1,466
Petrified Forest National Park,2010,4,2,476
Petrified Forest National Park,2010,5,3,272
Petrified Forest National Park,2011,3,3,153
Petrified Forest National Park,2011,4,10,826
Petrified Forest National Park,2011,5,28,5856
Petrified Forest National Park,2012,2,1,171
Petrified Forest National Park,2012,3,10,2301
Petrified Forest National Park,2012,4,61,6317
Petrified Forest National Park,2012,5,145,7783
Petrified Forest National Park,2013,1,1,109
Petrified Forest National Park,2013,2,1,23
Petrified Forest National Park,2013,3,4,208
Petrified Forest National Park,2013,4,36,3143
Petrified Forest National Park,2013,5,120,12234
Petrified Forest National Park,2014,1,1,7
Petrified Forest National Park,2014,3,12,563
Petrified Forest National Park,2014,4,54,4644
Petrified Forest National Park,2014,5,151,11805
Petrified Forest National Park,2015,2,6,609
Petrified Forest National Park,2015,3,41,3396
Petrified Forest National Park,2015,4,187,17310
Petrified Forest National Park,2015,5,463,34580
Petrified Forest National Park,2016,1,3,8
Petrified Forest National Park,2016,2,3,151
Petrified Forest National Park,2016,3,23,942
Petrified Forest National Park,2016,4,105,12037
Petrified Forest National Park,2016,5,318,19246
Petrified Forest National Park,2017,3,7,990
Petrified Forest National Park,2017,4,34,3687
Petrified Forest National Park,2017,5,120,14411
Petrified Forest National Park,2018,1,1,19
Petrified Forest National Park,2018,3,2,239
Petrified Forest National Park,2018,4,19,1646
Petrified Forest National Park,2018,5,91,7438
Petrified Forest National Park,2019,1,1,30
Petrified Forest National Park,2019,3,7,74
Petrified Forest National Park,2019,4,13,1741
Petrified Forest National Park,2019,5,56,5895
Pinnacles National Park,2006,5,1,268
Pinnacles National Park,2009,4,1,39
Pinnacles National Park,2010,2,1,9
Pinnacles National Park,2010,4,1,19
Pinnacles National Park,2010,5,1,15
Pinnacles National Park,2011,3,1,58
Pinnacles National Park,2011,4,1,71
Pinnacles National Park,2011,5,6,316
Pinnacles National Park,2012,3,1,41
Pinnacles National Park,2012,4,6,468
Pinnacles National Park,2012,5,23,2710
Pinnacles National Park,2013,1,1,458
Pinnacles National Park,2013,2,1,42
Pinnacles National Park,2013,3,2,209
Pinnacles National Park,2013,4,21,2112
Pinnacles National Park,2013,5,30,1792
Pinnacles National Park,2014,2,1,53
Pinnacles National Park,2014,3,7,1565
Pinnacles National Park,2014,4,27,7360
Pinnacles National Park,2014,5,34,3848
Pinnacles National Park,2015,1,2,155
Pinnacles National Park,2015,2,3,164
Pinnacles National Park,2015,3,5,717
Pinnacles National Park,2015,4,20,2759
Pinnacles National Park,2015,5,48,4699
Pinnacles National Park,2016,1,1,5
Pinnacles National Park,2016,3,3,194
Pinnacles National Park,2016,4,28,2167
Pinnacles National Park,2016,5,60,5484
Pinnacles National Park,2017,1,1,2
Pinnacles National Park,2017,2,2,34
Pinnacles National Park,2017,3,4,254
Pinnacles National Park,2017,4,18,2398
Pinnacles National Park,2017,5,38,2346
Pinnacles National Park,2018,1,1,5
Pinnacles National Park,2018,2,2,15
Pinnacles National Park,2018,3,3,363
Pinnacles National Park,2018,4,13,622
Pinnacles National Park,2018,5,40,3584
Pinnacles National Park,2019,3,4,1949
Pinnacles National Park,2019,4,16,1445
Pinnacles National Park,2019,5,23,4783
Redwood National Park,2004,4,1,87
Redwood National Park,2006,4,1,163
Redwood National Park,2006,5,1,54
Redwood National Park,2007,5,1,24
Redwood National Park,2008,5,3,407
Redwood National Park,2009,4,2,48
Redwood National Park,2009,5,17,876
Redwood National Park,2010,5,8,683
Redwood National Park,2011,3,1,478
Redwood National Park,2011,5,16,1461
Redwood National Park,2012,1,1,18
Redwood National Park,2012,2,1,56
Redwood National Park,2012,3,3,213
Redwood National Park,2012,4,28,1795
Redwood National Park,2012,5,138,9305
Redwood National Park,2013,4,7,178
Redwood National Park,2013,5,80,8953
Redwood National Park,2014,2,3,183
Redwood National Park,2014,3,3,199
Redwood National Park,2014,4,14,1051
Redwood National Park,2014,5,91,9827
Redwood National Park,2015,3,6,198
Redwood National Park,2015,4,7,297
Redwood National Park,2015,5,172,13690
Redwood National Park,2016,2,1,4
Redwood National Park,2016,3,2,327
Redwood National Park,2016,4,19,1118
Redwood National Park,2016,5,112,21328
Redwood National Park,2017,3,2,19
Redwood National Park,2017,4,6,309
Redwood National Park,2017,5,75,6834
Redwood National Park,2018,4,4,273
Redwood National Park,2018,5,94,4568
Redwood National Park,2019,3,1,102
Redwood National Park,2019,4,6,1946
Redwood National Park,2019,5,53,7714
Isle Royale National Park,2011,5,3,158
Isle Royale National Park,2012,4,1,12
Isle Royale National Park,2012,5,4,156
Isle Royale National Park,2013,3,1,78
Isle Royale National Park,2013,4,2,291
Isle Royale National Park,2013,5,9,1097
Isle Royale National Park,2014,4,3,152
Isle Royale National Park,2014,5,3,27
Isle Royale National Park,2015,4,3,730
Isle Royale National Park,2015,5,3,187
Isle Royale National Park,2016,2,1,2
Isle Royale National Park,2016,3,1,29
Isle Royale National Park,2016,4,3,355
Isle Royale National Park,2016,5,9,1057
Isle Royale National Park,2017,3,2,99
Isle Royale National Park,2017,4,1,53
Isle Royale National Park,2017,5,10,732
Isle Royale National Park,2018,2,1,5
Isle Royale National Park,2018,4,4,508
Isle Royale National Park,2018,5,2,193
Isle Royale National Park,2019,4,2,703
Isle Royale National Park,2019,5,5,456
Rocky Mountain National Park,2008,5,1,73
Rocky Mountain National Park,2009,5,1,113
Rocky Mountain National Park,2010,4,1,44
Rocky Mountain National Park,2010,5,1,56
Rocky Mountain National Park,2011,4,1,4
Rocky Mountain National Park,2011,5,5,161
Rocky Mountain National Park,2012,4,4,491
Rocky Mountain National Park,2012,5,12,384
Rocky Mountain National Park,2013,4,2,9
Rocky Mountain National Park,2013,5,13,748
Rocky Mountain National Park,2014,3,1,27
Rocky Mountain National Park,2014,4,2,110
Rocky Mountain National Park,2014,5,25,725
Rocky Mountain National Park,2015,3,1,108
Rocky Mountain National Park,2015,4,6,83
Rocky Mountain National Park,2015,5,66,2947
Rocky Mountain National Park,2016,4,3,20
Rocky Mountain National Park,2016,5,73,2419
Rocky Mountain National Park,2017,3,1,22
Rocky Mountain National Park,2017,4,4,284
Rocky Mountain National Park,2017,5,60,2858
Rocky Mountain National Park,2018,2,1,7
Rocky Mountain National Park,2018,3,1,5
Rocky Mountain National Park,2018,4,8,1465
Rocky Mountain National Park,2018,5,82,7754
Rocky Mountain National Park,2019,4,5,551
Rocky Mountain National Park,2019,5,41,1623
Saguaro National Park,2017,3,1,141
Saguaro National Park,2017,4,13,1627
Saguaro National Park,2017,5,44,4944
Saguaro National Park,2018,1,2,157
Saguaro National Park,2018,2,3,79
Saguaro National Park,2018,3,10,489
Saguaro National Park,2018,4,69,4462
Saguaro National Park,2018,5,316,20449
Saguaro National Park,2019,2,1,37
Saguaro National Park,2019,3,12,742
Saguaro National Park,2019,4,60,4418
Saguaro National Park,2019,5,222,20582
Channel Islands National Park,2003,5,1,39
Channel Islands National Park,2006,4,1,49
Channel Islands National Park,2007,5,1,12
Channel Islands National Park,2008,4,1,99
Channel Islands National Park,2008,5,2,338
Channel Islands National Park,2009,5,2,6
Channel Islands National Park,2010,5,4,39
Channel Islands National Park,2011,2,1,38
Channel Islands National Park,2011,3,1,54
Channel Islands National Park,2011,5,7,396
Channel Islands National Park,2012,3,2,72
Channel Islands National Park,2012,4,4,288
Channel Islands National Park,2012,5,21,632
Channel Islands National Park,2013,4,7,611
Channel Islands National Park,2013,5,16,1278
Channel Islands National Park,2014,4,9,403
Channel Islands National Park,2014,5,21,1043
Channel Islands National Park,2015,3,3,51
Channel Islands National Park,2015,4,6,289
Channel Islands National Park,2015,5,30,2740
Channel Islands National Park,2016,2,1,117
Channel Islands National Park,2016,3,1,6
Channel Islands National Park,2016,4,11,1182
Channel Islands National Park,2016,5,32,9629
Channel Islands National Park,2017,4,12,1109
Channel Islands National Park,2017,5,35,1664
Channel Islands National Park,2018,3,2,58
Channel Islands National Park,2018,4,2,151
Channel Islands National Park,2018,5,27,2704
Channel Islands National Park,2019,3,1,4
Channel Islands National Park,2019,4,5,721
Channel Islands National Park,2019,5,13,2702
Sequoia National Park,2017,2,1,5
Sequoia National Park,2017,4,4,265
Sequoia National Park,2017,5,16,706
Sequoia National Park,2018,1,1,116
Sequoia National Park,2018,2,1,0
Sequoia National Park,2018,3,2,30
Sequoia National Park,2018,4,19,1037
Sequoia National Park,2018,5,88,5201
Sequoia National Park,2019,2,1,37
Sequoia National Park,2019,3,1,7
Sequoia National Park,2019,4,6,439
Sequoia National Park,2019,5,61,21159
Shenandoah National Park,2007,4,1,1
Shenandoah National Park,2011,5,6,250
Shenandoah National Park,2012,2,1,31
Shenandoah National Park,2012,4,1,36
Shenandoah National Park,2012,5,6,502
Shenandoah National Park,2013,4,3,174
Shenandoah National Park,2013,5,9,184
Shenandoah National Park,2014,2,1,56
Shenandoah National Park,2014,3,1,7
Shenandoah National Park,2014,4,7,527
Shenandoah National Park,2014,5,9,208
Shenandoah National Park,2015,4,1,52
Shenandoah National Park,2015,5,15,5654
Shenandoah National Park,2016,5,5,131
Shenandoah National Park,2017,4,2,83
Shenandoah National Park,2017,5,8,5113
Shenandoah National Park,2018,4,2,59
Shenandoah National Park,2018,5,7,176
Shenandoah National Park,2019,4,3,1188
Shenandoah National Park,2019,5,6,831
Theodore Roosevelt National Park,2010,4,1,26
Theodore Roosevelt National Park,2011,4,1,124
Theodore Roosevelt National Park,2011,5,12,1351
Theodore Roosevelt National Park,2012,2,1,9
Theodore Roosevelt National Park,2012,3,7,291
Theodore Roosevelt National Park,2012,4,13,1457
Theodore Roosevelt National Park,2012,5,77,6398
Theodore Roosevelt National Park,2013,2,2,279
Theodore Roosevelt National Park,2013,3,1,90
Theodore Roosevelt National Park,2013,4,24,1118
Theodore Roosevelt National Park,2013,5,99,5268
Theodore Roosevelt National Park,2014,3,6,552
Theodore Roosevelt National Park,2014,4,21,1170
Theodore Roosevelt National Park,2014,5,110,10844
Theodore Roosevelt National Park,2015,1,1,172
Theodore Roosevelt National Park,2015,2,2,25
Theodore Roosevelt National Park,2015,3,11,471
Theodore Roosevelt National Park,2015,4,52,3985
Theodore Roosevelt National Park,2015,5,193,10435
Theodore Roosevelt National Park,2016,1,1,9
Theodore Roosevelt National Park,2016,3,8,699
Theodore Roosevelt National Park,2016,4,62,6314
Theodore Roosevelt National Park,2016,5,261,13100
Theodore Roosevelt National Park,2017,1,1,33
Theodore Roosevelt National Park,2017,3,5,127
Theodore Roosevelt National Park,2017,4,42,2667
Theodore Roosevelt National Park,2017,5,214,13194
Theodore Roosevelt National Park,2018,1,1,14
Theodore Roosevelt National Park,2018,2,1,104
Theodore Roosevelt National Park,2018,3,1,21
Theodore Roosevelt National Park,2018,4,35,3142
Theodore Roosevelt National Park,2018,5,178,15805
Theodore Roosevelt National Park,2019,1,1,23
Theodore Roosevelt National Park,2019,3,3,225
Theodore Roosevelt National Park,2019,4,39,5277
Theodore Roosevelt National Park,2019,5,131,10365
Voyageurs National Park,2017,3,1,65
Voyageurs National Park,2017,4,1,64
Voyageurs National Park,2017,5,4,206
Voyageurs National Park,2018,5,5,93
Voyageurs National Park,2019,5,4,424
Wind Cave National Park,2016,1,1,7
Wind Cave National Park,2016,2,1,17
Wind Cave National Park,2016,3,17,1489
Wind Cave National Park,2016,4,66,7028
Wind Cave National Park,2016,5,115,5881
Wind Cave National Park,2017,2,5,105
Wind Cave National Park,2017,3,19,1847
Wind Cave National Park,2017,4,47,4066
Wind Cave National Park,2017,5,99,6962
Wind Cave National Park,2018,1,1,4
Wind Cave National Park,2018,2,3,203
Wind Cave National Park,2018,3,8,500
Wind Cave National Park,2018,4,37,3659
Wind Cave National Park,2018,5,90,9828
Wind Cave National Park,2019,1,1,0
Wind Cave National Park,2019,3,4,2527
Wind Cave National Park,2019,4,18,4692
Wind Cave National Park,2019,5,32,3136
Wrangell - St Elias National Park,2013,3,1,124
Wrangell - St Elias National Park,2013,4,3,146
Wrangell - St Elias National Park,2013,5,3,142
Wrangell - St Elias National Park,2014,3,1,62
Wrangell - St Elias National Park,2014,4,5,915
Wrangell - St Elias National Park,2014,5,6,5397
Wrangell - St Elias National Park,2015,4,8,489
Wrangell - St Elias National Park,2015,5,15,552
Wrangell - St Elias National Park,2016,4,12,3094
Wrangell - St Elias National Park,2016,5,10,682
Wrangell - St Elias National Park,2017,3,2,139
Wrangell - St Elias National Park,2017,4,3,597
Wrangell - St Elias National Park,2017,5,10,1795
Wrangell - St Elias National Park,2018,4,3,127
Wrangell - St Elias National Park,2018,5,11,1680
Wrangell - St Elias National Park,2019,4,2,251
Wrangell - St Elias National Park,2019,5,6,411
Yellowstone National Park,2016,4,1,4
Yellowstone National Park,2016,5,3,132
Yellowstone National Park,2017,1,3,1084
Yellowstone National Park,2017,2,3,85
Yellowstone National Park,2017,3,13,694
Yellowstone National Park,2017,4,28,1951
Yellowstone National Park,2017,5,287,25139
Yellowstone National Park,2018,1,2,142
Yellowstone National Park,2018,2,7,722
Yellowstone National Park,2018,3,17,2129
Yellowstone National Park,2018,4,27,1035
Yellowstone National Park,2018,5,426,40573
Yellowstone National Park,2019,1,2,2
Yellowstone National Park,2019,2,2,13
Yellowstone National Park,2019,3,6,279
Yellowstone National Park,2019,4,26,1731
Yellowstone National Park,2019,5,309,111046
Yosemite National Park,2004,5,2,588
Yosemite National Park,2005,5,1,346
Yosemite National Park,2006,5,3,92
Yosemite National Park,2007,4,1,27
Yosemite National Park,2007,5,2,259
Yosemite National Park,2008,4,1,57
Yosemite National Park,2008,5,8,373
Yosemite National Park,2009,1,1,14
Yosemite National Park,2009,2,1,155
Yosemite National Park,2009,3,1,51
Yosemite National Park,2009,4,1,69
Yosemite National Park,2009,5,14,493
Yosemite National Park,2010,1,2,16
Yosemite National Park,2010,2,1,46
Yosemite National Park,2010,3,1,94
Yosemite National Park,2010,4,10,562
Yosemite National Park,2010,5,17,796
Yosemite National Park,2011,1,1,21
Yosemite National Park,2011,2,2,84
Yosemite National Park,2011,3,5,198
Yosemite National Park,2011,4,9,19029
Yosemite National Park,2011,5,45,3179
Yosemite National Park,2012,1,2,48
Yosemite National Park,2012,2,6,412
Yosemite National Park,2012,3,11,1042
Yosemite National Park,2012,4,38,1240
Yosemite National Park,2012,5,273,18886
Yosemite National Park,2013,1,1,59
Yosemite National Park,2013,2,5,376
Yosemite National Park,2013,3,12,1224
Yosemite National Park,2013,4,55,3232
Yosemite National Park,2013,5,318,24685
Yosemite National Park,2014,1,4,466
Yosemite National Park,2014,2,5,366
Yosemite National Park,2014,3,18,1160
Yosemite National Park,2014,4,70,9168
Yosemite National Park,2014,5,471,34853
Yosemite National Park,2015,1,3,42
Yosemite National Park,2015,2,14,846
Yosemite National Park,2015,3,23,666
Yosemite National Park,2015,4,103,5921
Yosemite National Park,2015,5,812,46273
Yosemite National Park,2016,1,7,483
Yosemite National Park,2016,2,13,800
Yosemite National Park,2016,3,39,1842
Yosemite National Park,2016,4,106,10113
Yosemite National Park,2016,5,757,41634
Yosemite National Park,2017,1,9,668
Yosemite National Park,2017,2,10,226
Yosemite National Park,2017,3,26,1103
Yosemite National Park,2017,4,93,7100
Yosemite National Park,2017,5,573,33781
Yosemite National Park,2018,1,3,21
Yosemite National Park,2018,2,4,69
Yosemite National Park,2018,3,13,400
Yosemite National Park,2018,4,46,3104
Yosemite National Park,2018,5,320,23520
Yosemite National Park,2019,1,2,62
Yosemite National Park,2019,2,4,792
Yosemite National Park,2019,3,6,154
Yosemite National Park,2019,4,43,2200
Yosemite National Park,2019,5,204,33281
Zion National Park,2009,4,2,93
Zion National Park,2009,5,15,318
Zion National Park,2010,4,3,664
Zion National Park,2010,5,16,1424
Zion National Park,2011,2,1,153
Zion National Park,2011,3,1,7
Zion National Park,2011,4,4,520
Zion National Park,2011,5,68,5111
Zion National Park,2012,2,1,26
Zion National Park,2012,3,4,315
Zion National Park,2012,4,20,1453
Zion National Park,2012,5,172,10384
Zion National Park,2013,3,4,506
Zion National Park,2013,4,12,603
Zion National Park,2013,5,184,20140
Zion National Park,2014,2,2,112
Zion National Park,2014,3,2,129
Zion National Park,2014,4,24,4876
Zion National Park,2014,5,180,15971
Zion National Park,2015,1,1,15
Zion National Park,2015,2,3,188
Zion National Park,2015,3,4,367
Zion National Park,2015,4,34,3756
Zion National Park,2015,5,184,17917
Zion National Park,2016,3,3,393
Zion National Park,2016,4,10,1288
Zion National Park,2016,5,91,10683
Zion National Park,2017,1,1,21
Zion National Park,2017,2,1,9
Zion National Park,2017,3,1,24
Zion National Park,2017,4,2,158
Zion National Park,2017,5,51,24812
Zion National Park,2018,1,3,34
Zion National Park,2018,2,1,17
Zion National Park,2018,3,1,96
Zion National Park,2018,4,11,2991
Zion National Park,2018,5,50,6311
Zion National Park,2019,1,1,15
Zion National Park,2019,4,1,7
Zion National Park,2019,5,22,3328
